"Time";"Flow";"Rain"
"1972-11-01 00:00:00";0.218;0
"1972-11-01 00:30:00";0.218;0
"1972-11-01 01:00:00";0.215;0
"1972-11-01 01:30:00";0.215;0
"1972-11-01 02:00:00";0.215;0
"1972-11-01 02:30:00";0.215;0
"1972-11-01 03:00:00";0.215;0
"1972-11-01 03:30:00";0.215;0
"1972-11-01 04:00:00";0.215;0
"1972-11-01 04:30:00";0.215;0
"1972-11-01 05:00:00";0.212;0
"1972-11-01 05:30:00";0.212;0
"1972-11-01 06:00:00";0.212;0
"1972-11-01 06:30:00";0.212;0
"1972-11-01 07:00:00";0.212;0
"1972-11-01 07:30:00";0.21;0
"1972-11-01 08:00:00";0.21;0
"1972-11-01 08:30:00";0.21;0
"1972-11-01 09:00:00";0.207;0
"1972-11-01 09:30:00";0.207;0
"1972-11-01 10:00:00";0.207;0
"1972-11-01 10:30:00";0.207;0
"1972-11-01 11:00:00";0.207;0
"1972-11-01 11:30:00";0.205;0
"1972-11-01 12:00:00";0.205;0
"1972-11-01 12:30:00";0.205;0
"1972-11-01 13:00:00";0.202;0
"1972-11-01 13:30:00";0.202;0
"1972-11-01 14:00:00";0.202;0
"1972-11-01 14:30:00";0.202;0
"1972-11-01 15:00:00";0.202;0
"1972-11-01 15:30:00";0.2;0
"1972-11-01 16:00:00";0.2;0
"1972-11-01 16:30:00";0.2;0
"1972-11-01 17:00:00";0.2;0
"1972-11-01 17:30:00";0.2;0
"1972-11-01 18:00:00";0.2;0
"1972-11-01 18:30:00";0.2;0
"1972-11-01 19:00:00";0.197;0
"1972-11-01 19:30:00";0.197;0
"1972-11-01 20:00:00";0.197;0
"1972-11-01 20:30:00";0.197;0
"1972-11-01 21:00:00";0.195;0
"1972-11-01 21:30:00";0.195;0
"1972-11-01 22:00:00";0.195;0
"1972-11-01 22:30:00";0.195;0
"1972-11-01 23:00:00";0.195;0
"1972-11-01 23:30:00";0.218;0
"1972-11-02 00:00:00";0.192;0
"1972-11-02 00:30:00";0.192;0
"1972-11-02 01:00:00";0.192;0
"1972-11-02 01:30:00";0.192;0
"1972-11-02 02:00:00";0.192;0
"1972-11-02 02:30:00";0.19;0
"1972-11-02 03:00:00";0.19;0
"1972-11-02 03:30:00";0.19;0
"1972-11-02 04:00:00";0.19;0
"1972-11-02 04:30:00";0.187;0
"1972-11-02 05:00:00";0.187;0
"1972-11-02 05:30:00";0.187;0
"1972-11-02 06:00:00";0.187;0
"1972-11-02 06:30:00";0.187;0
"1972-11-02 07:00:00";0.187;0
"1972-11-02 07:30:00";0.187;0
"1972-11-02 08:00:00";0.187;0
"1972-11-02 08:30:00";0.187;0
"1972-11-02 09:00:00";0.187;0
"1972-11-02 09:30:00";0.185;0
"1972-11-02 10:00:00";0.185;0
"1972-11-02 10:30:00";0.185;0
"1972-11-02 11:00:00";0.185;0
"1972-11-02 11:30:00";0.185;0
"1972-11-02 12:00:00";0.185;0
"1972-11-02 12:30:00";0.185;0
"1972-11-02 13:00:00";0.185;0
"1972-11-02 13:30:00";0.185;0
"1972-11-02 14:00:00";0.185;0
"1972-11-02 14:30:00";0.182;0
"1972-11-02 15:00:00";0.182;0
"1972-11-02 15:30:00";0.182;0
"1972-11-02 16:00:00";0.182;0
"1972-11-02 16:30:00";0.182;0
"1972-11-02 17:00:00";0.182;0
"1972-11-02 17:30:00";0.182;0
"1972-11-02 18:00:00";0.18;0
"1972-11-02 18:30:00";0.18;0
"1972-11-02 19:00:00";0.178;0
"1972-11-02 19:30:00";0.178;0
"1972-11-02 20:00:00";0.18;0
"1972-11-02 20:30:00";0.18;0.03
"1972-11-02 21:00:00";0.178;0
"1972-11-02 21:30:00";0.178;0.03
"1972-11-02 22:00:00";0.175;0.03
"1972-11-02 22:30:00";0.175;0
"1972-11-02 23:00:00";0.175;0.03
"1972-11-02 23:30:00";0.175;0.07
"1972-11-03 00:00:00";0.175;0.13
"1972-11-03 00:30:00";0.175;0.07
"1972-11-03 01:00:00";0.175;0.07
"1972-11-03 01:30:00";0.175;0.03
"1972-11-03 02:00:00";0.178;0.1
"1972-11-03 02:30:00";0.178;0
"1972-11-03 03:00:00";0.178;0.03
"1972-11-03 03:30:00";0.178;0.07
"1972-11-03 04:00:00";0.178;0.24
"1972-11-03 04:30:00";0.18;0.1
"1972-11-03 05:00:00";0.18;0
"1972-11-03 05:30:00";0.18;0
"1972-11-03 06:00:00";0.18;0
"1972-11-03 06:30:00";0.18;0
"1972-11-03 07:00:00";0.18;0
"1972-11-03 07:30:00";0.18;0
"1972-11-03 08:00:00";0.18;0
"1972-11-03 08:30:00";0.18;0
"1972-11-03 09:00:00";0.18;0
"1972-11-03 09:30:00";0.18;0.1
"1972-11-03 10:00:00";0.18;0
"1972-11-03 10:30:00";0.18;0.1
"1972-11-03 11:00:00";0.18;0.1
"1972-11-03 11:30:00";0.18;0.05
"1972-11-03 12:00:00";0.18;0
"1972-11-03 12:30:00";0.18;0
"1972-11-03 13:00:00";0.18;0
"1972-11-03 13:30:00";0.18;0
"1972-11-03 14:00:00";0.18;0
"1972-11-03 14:30:00";0.178;0
"1972-11-03 15:00:00";0.178;0
"1972-11-03 15:30:00";0.178;0.05
"1972-11-03 16:00:00";0.178;0
"1972-11-03 16:30:00";0.178;0
"1972-11-03 17:00:00";0.178;0
"1972-11-03 17:30:00";0.178;0.05
"1972-11-03 18:00:00";0.175;0
"1972-11-03 18:30:00";0.175;0.05
"1972-11-03 19:00:00";0.175;0.15
"1972-11-03 19:30:00";0.175;0.1
"1972-11-03 20:00:00";0.175;0.1
"1972-11-03 20:30:00";0.175;0.2
"1972-11-03 21:00:00";0.175;0.1
"1972-11-03 21:30:00";0.178;0
"1972-11-03 22:00:00";0.178;0.05
"1972-11-03 22:30:00";0.178;0.1
"1972-11-03 23:00:00";0.178;0
"1972-11-03 23:30:00";0.18;0
"1972-11-04 00:00:00";0.18;0.1
"1972-11-04 00:30:00";0.182;0.1
"1972-11-04 01:00:00";0.182;0.05
"1972-11-04 01:30:00";0.182;0
"1972-11-04 02:00:00";0.182;0
"1972-11-04 02:30:00";0.182;0
"1972-11-04 03:00:00";0.182;0
"1972-11-04 03:30:00";0.182;0
"1972-11-04 04:00:00";0.182;0.15
"1972-11-04 04:30:00";0.182;0.05
"1972-11-04 05:00:00";0.182;0.1
"1972-11-04 05:30:00";0.182;0.15
"1972-11-04 06:00:00";0.182;0.1
"1972-11-04 06:30:00";0.182;0.05
"1972-11-04 07:00:00";0.182;0.05
"1972-11-04 07:30:00";0.182;0
"1972-11-04 08:00:00";0.182;0
"1972-11-04 08:30:00";0.182;0
"1972-11-04 09:00:00";0.185;0
"1972-11-04 09:30:00";0.185;0
"1972-11-04 10:00:00";0.185;0
"1972-11-04 10:30:00";0.185;0
"1972-11-04 11:00:00";0.185;0
"1972-11-04 11:30:00";0.185;0
"1972-11-04 12:00:00";0.185;0
"1972-11-04 12:30:00";0.185;0
"1972-11-04 13:00:00";0.185;0
"1972-11-04 13:30:00";0.182;0
"1972-11-04 14:00:00";0.182;0.05
"1972-11-04 14:30:00";0.182;0.05
"1972-11-04 15:00:00";0.182;0
"1972-11-04 15:30:00";0.182;0
"1972-11-04 16:00:00";0.18;0
"1972-11-04 16:30:00";0.18;0
"1972-11-04 17:00:00";0.18;0
"1972-11-04 17:30:00";0.18;0.05
"1972-11-04 18:00:00";0.18;0.05
"1972-11-04 18:30:00";0.18;0.05
"1972-11-04 19:00:00";0.18;0
"1972-11-04 19:30:00";0.18;0
"1972-11-04 20:00:00";0.18;0.05
"1972-11-04 20:30:00";0.18;0
"1972-11-04 21:00:00";0.18;0.05
"1972-11-04 21:30:00";0.18;0
"1972-11-04 22:00:00";0.18;0.05
"1972-11-04 22:30:00";0.18;0
"1972-11-04 23:00:00";0.18;0
"1972-11-04 23:30:00";0.18;0
"1972-11-05 00:00:00";0.18;0
"1972-11-05 00:30:00";0.178;0
"1972-11-05 01:00:00";0.178;0
"1972-11-05 01:30:00";0.178;0
"1972-11-05 02:00:00";0.178;0.05
"1972-11-05 02:30:00";0.178;0.1
"1972-11-05 03:00:00";0.178;0
"1972-11-05 03:30:00";0.178;0.1
"1972-11-05 04:00:00";0.178;0
"1972-11-05 04:30:00";0.178;0
"1972-11-05 05:00:00";0.178;0
"1972-11-05 05:30:00";0.178;0
"1972-11-05 06:00:00";0.178;0
"1972-11-05 06:30:00";0.178;0.15
"1972-11-05 07:00:00";0.178;0.05
"1972-11-05 07:30:00";0.178;0
"1972-11-05 08:00:00";0.178;0
"1972-11-05 08:30:00";0.175;0
"1972-11-05 09:00:00";0.175;0.05
"1972-11-05 09:30:00";0.175;0
"1972-11-05 10:00:00";0.175;0
"1972-11-05 10:30:00";0.175;0
"1972-11-05 11:00:00";0.175;0
"1972-11-05 11:30:00";0.175;0
"1972-11-05 12:00:00";0.175;0
"1972-11-05 12:30:00";0.175;0
"1972-11-05 13:00:00";0.173;0
"1972-11-05 13:30:00";0.173;0
"1972-11-05 14:00:00";0.173;0.05
"1972-11-05 14:30:00";0.173;0
"1972-11-05 15:00:00";0.173;0
"1972-11-05 15:30:00";0.171;0
"1972-11-05 16:00:00";0.171;0
"1972-11-05 16:30:00";0.171;0
"1972-11-05 17:00:00";0.171;0
"1972-11-05 17:30:00";0.171;0
"1972-11-05 18:00:00";0.169;0
"1972-11-05 18:30:00";0.169;0
"1972-11-05 19:00:00";0.169;0
"1972-11-05 19:30:00";0.169;0
"1972-11-05 20:00:00";0.169;0
"1972-11-05 20:30:00";0.169;0
"1972-11-05 21:00:00";0.169;0
"1972-11-05 21:30:00";0.169;0
"1972-11-05 22:00:00";0.169;0
"1972-11-05 22:30:00";0.166;0
"1972-11-05 23:00:00";0.166;0
"1972-11-05 23:30:00";0.166;0
"1972-11-06 00:00:00";0.166;0
"1972-11-06 00:30:00";0.166;0
"1972-11-06 01:00:00";0.166;0
"1972-11-06 01:30:00";0.166;0
"1972-11-06 02:00:00";0.166;0
"1972-11-06 02:30:00";0.166;0
"1972-11-06 03:00:00";0.166;0
"1972-11-06 03:30:00";0.166;0
"1972-11-06 04:00:00";0.166;0
"1972-11-06 04:30:00";0.166;0
"1972-11-06 05:00:00";0.166;0
"1972-11-06 05:30:00";0.166;0
"1972-11-06 06:00:00";0.166;0
"1972-11-06 06:30:00";0.166;0
"1972-11-06 07:00:00";0.166;0
"1972-11-06 07:30:00";0.166;0
"1972-11-06 08:00:00";0.166;0
"1972-11-06 08:30:00";0.166;0
"1972-11-06 09:00:00";0.166;0.04
"1972-11-06 09:30:00";0.166;0
"1972-11-06 10:00:00";0.166;0.04
"1972-11-06 10:30:00";0.166;0
"1972-11-06 11:00:00";0.166;0.04
"1972-11-06 11:30:00";0.166;0
"1972-11-06 12:00:00";0.166;0
"1972-11-06 12:30:00";0.166;0
"1972-11-06 13:00:00";0.166;0
"1972-11-06 13:30:00";0.166;0
"1972-11-06 14:00:00";0.166;0
"1972-11-06 14:30:00";0.166;0
"1972-11-06 15:00:00";0.166;0
"1972-11-06 15:30:00";0.166;0
"1972-11-06 16:00:00";0.166;0
"1972-11-06 16:30:00";0.166;0
"1972-11-06 17:00:00";0.166;0
"1972-11-06 17:30:00";0.166;0
"1972-11-06 18:00:00";0.166;0
"1972-11-06 18:30:00";0.166;0
"1972-11-06 19:00:00";0.164;0
"1972-11-06 19:30:00";0.164;0.16
"1972-11-06 20:00:00";0.164;0.04
"1972-11-06 20:30:00";0.164;0
"1972-11-06 21:00:00";0.166;0
"1972-11-06 21:30:00";0.166;0.36
"1972-11-06 22:00:00";0.166;0.2
"1972-11-06 22:30:00";0.166;0
"1972-11-06 23:00:00";0.173;0.2
"1972-11-06 23:30:00";0.182;1.36
"1972-11-07 00:00:00";0.187;0.72
"1972-11-07 00:30:00";0.192;0.24
"1972-11-07 01:00:00";0.197;0.32
"1972-11-07 01:30:00";0.215;0.92
"1972-11-07 02:00:00";0.231;0.88
"1972-11-07 02:30:00";0.243;0.24
"1972-11-07 03:00:00";0.255;0.48
"1972-11-07 03:30:00";0.286;1.2
"1972-11-07 04:00:00";0.299;1.12
"1972-11-07 04:30:00";0.326;0.8
"1972-11-07 05:00:00";0.374;0.68
"1972-11-07 05:30:00";0.411;0.84
"1972-11-07 06:00:00";0.462;0.68
"1972-11-07 06:30:00";0.514;0.2
"1972-11-07 07:00:00";0.564;0.24
"1972-11-07 07:30:00";0.6;0.28
"1972-11-07 08:00:00";0.662;0.28
"1972-11-07 08:30:00";0.739;0.04
"1972-11-07 09:00:00";0.784;0
"1972-11-07 09:30:00";0.803;0.04
"1972-11-07 10:00:00";0.81;0
"1972-11-07 10:30:00";0.797;0
"1972-11-07 11:00:00";0.777;0
"1972-11-07 11:30:00";0.758;0
"1972-11-07 12:00:00";0.733;0
"1972-11-07 12:30:00";0.709;0
"1972-11-07 13:00:00";0.685;0
"1972-11-07 13:30:00";0.65;0
"1972-11-07 14:00:00";0.617;0
"1972-11-07 14:30:00";0.59;0
"1972-11-07 15:00:00";0.574;0
"1972-11-07 15:30:00";0.553;0
"1972-11-07 16:00:00";0.543;0
"1972-11-07 16:30:00";0.518;0
"1972-11-07 17:00:00";0.499;0
"1972-11-07 17:30:00";0.485;0
"1972-11-07 18:00:00";0.476;0
"1972-11-07 18:30:00";0.462;0
"1972-11-07 19:00:00";0.453;0
"1972-11-07 19:30:00";0.44;0
"1972-11-07 20:00:00";0.436;0
"1972-11-07 20:30:00";0.432;0
"1972-11-07 21:00:00";0.427;0
"1972-11-07 21:30:00";0.419;0
"1972-11-07 22:00:00";0.398;0
"1972-11-07 22:30:00";0.39;0
"1972-11-07 23:00:00";0.386;0
"1972-11-07 23:30:00";0.382;0
"1972-11-08 00:00:00";0.374;0
"1972-11-08 00:30:00";0.371;0
"1972-11-08 01:00:00";0.367;0.08
"1972-11-08 01:30:00";0.363;0.04
"1972-11-08 02:00:00";0.359;0
"1972-11-08 02:30:00";0.355;0
"1972-11-08 03:00:00";0.352;0.04
"1972-11-08 03:30:00";0.348;0.04
"1972-11-08 04:00:00";0.341;0
"1972-11-08 04:30:00";0.326;0
"1972-11-08 05:00:00";0.326;0
"1972-11-08 05:30:00";0.326;0
"1972-11-08 06:00:00";0.326;0
"1972-11-08 06:30:00";0.323;0
"1972-11-08 07:00:00";0.323;0
"1972-11-08 07:30:00";0.319;0
"1972-11-08 08:00:00";0.319;0
"1972-11-08 08:30:00";0.316;0
"1972-11-08 09:00:00";0.316;0
"1972-11-08 09:30:00";0.312;0
"1972-11-08 10:00:00";0.312;0
"1972-11-08 10:30:00";0.309;0
"1972-11-08 11:00:00";0.309;0
"1972-11-08 11:30:00";0.305;0
"1972-11-08 12:00:00";0.305;0
"1972-11-08 12:30:00";0.302;0
"1972-11-08 13:00:00";0.302;0
"1972-11-08 13:30:00";0.299;0
"1972-11-08 14:00:00";0.299;0
"1972-11-08 14:30:00";0.295;0
"1972-11-08 15:00:00";0.295;0
"1972-11-08 15:30:00";0.295;0
"1972-11-08 16:00:00";0.292;0
"1972-11-08 16:30:00";0.292;0
"1972-11-08 17:00:00";0.289;0
"1972-11-08 17:30:00";0.289;0.08
"1972-11-08 18:00:00";0.289;0
"1972-11-08 18:30:00";0.286;0
"1972-11-08 19:00:00";0.286;0.04
"1972-11-08 19:30:00";0.286;0.04
"1972-11-08 20:00:00";0.286;0
"1972-11-08 20:30:00";0.282;0
"1972-11-08 21:00:00";0.282;0.08
"1972-11-08 21:30:00";0.282;0
"1972-11-08 22:00:00";0.282;0
"1972-11-08 22:30:00";0.282;0.04
"1972-11-08 23:00:00";0.279;0
"1972-11-08 23:30:00";0.279;0.04
"1972-11-09 00:00:00";0.279;0.12
"1972-11-09 00:30:00";0.282;0.4
"1972-11-09 01:00:00";0.286;0.56
"1972-11-09 01:30:00";0.289;0.8
"1972-11-09 02:00:00";0.295;0.76
"1972-11-09 02:30:00";0.305;1.24
"1972-11-09 03:00:00";0.323;1.28
"1972-11-09 03:30:00";0.359;1.2
"1972-11-09 04:00:00";0.406;0.96
"1972-11-09 04:30:00";0.476;0.56
"1972-11-09 05:00:00";0.553;0.76
"1972-11-09 05:30:00";0.667;0.48
"1972-11-09 06:00:00";0.987;0.2
"1972-11-09 06:30:00";1.322;0.36
"1972-11-09 07:00:00";1.427;0.2
"1972-11-09 07:30:00";1.506;0.48
"1972-11-09 08:00:00";1.547;1.08
"1972-11-09 08:30:00";1.61;1.12
"1972-11-09 09:00:00";1.674;0.88
"1972-11-09 09:30:00";1.786;1.24
"1972-11-09 10:00:00";2.036;1.12
"1972-11-09 10:30:00";2.405;1.48
"1972-11-09 11:00:00";2.966;1.6
"1972-11-09 11:30:00";3.511;1.6
"1972-11-09 12:00:00";4.161;1.36
"1972-11-09 12:30:00";4.793;1.16
"1972-11-09 13:00:00";5.289;0.96
"1972-11-09 13:30:00";5.656;1.36
"1972-11-09 14:00:00";6.018;2.2
"1972-11-09 14:30:00";6.719;0.84
"1972-11-09 15:00:00";7.236;1.16
"1972-11-09 15:30:00";7.351;0.6
"1972-11-09 16:00:00";7.122;0.64
"1972-11-09 16:30:00";6.61;0.48
"1972-11-09 17:00:00";6.247;0.2
"1972-11-09 17:30:00";5.795;0.08
"1972-11-09 18:00:00";5.346;0
"1972-11-09 18:30:00";4.991;0.08
"1972-11-09 19:00:00";4.582;0
"1972-11-09 19:30:00";4.194;0
"1972-11-09 20:00:00";3.937;0
"1972-11-09 20:30:00";3.689;0
"1972-11-09 21:00:00";3.496;0
"1972-11-09 21:30:00";3.38;0.08
"1972-11-09 22:00:00";3.21;0.04
"1972-11-09 22:30:00";3.087;0
"1972-11-09 23:00:00";2.993;0
"1972-11-09 23:30:00";2.888;0
"1972-11-10 00:00:00";2.803;0
"1972-11-10 00:30:00";2.696;0
"1972-11-10 01:00:00";2.577;0
"1972-11-10 01:30:00";2.476;0
"1972-11-10 02:00:00";2.391;0
"1972-11-10 02:30:00";2.336;0
"1972-11-10 03:00:00";2.269;0
"1972-11-10 03:30:00";2.202;0.04
"1972-11-10 04:00:00";2.163;0
"1972-11-10 04:30:00";2.111;0.08
"1972-11-10 05:00:00";2.061;0
"1972-11-10 05:30:00";2.036;0.04
"1972-11-10 06:00:00";2.011;0
"1972-11-10 06:30:00";1.986;0
"1972-11-10 07:00:00";1.914;0.2
"1972-11-10 07:30:00";1.902;0.04
"1972-11-10 08:00:00";1.89;0.16
"1972-11-10 08:30:00";1.855;0.12
"1972-11-10 09:00:00";1.82;0.2
"1972-11-10 09:30:00";1.809;0.16
"1972-11-10 10:00:00";1.786;0.12
"1972-11-10 10:30:00";1.763;0.2
"1972-11-10 11:00:00";1.741;0.08
"1972-11-10 11:30:00";1.718;0.04
"1972-11-10 12:00:00";1.696;0.04
"1972-11-10 12:30:00";1.664;0.04
"1972-11-10 13:00:00";1.642;0.08
"1972-11-10 13:30:00";1.621;0.04
"1972-11-10 14:00:00";1.599;0
"1972-11-10 14:30:00";1.578;0
"1972-11-10 15:00:00";1.568;0.04
"1972-11-10 15:30:00";1.537;0.04
"1972-11-10 16:00:00";1.517;0
"1972-11-10 16:30:00";1.496;0
"1972-11-10 17:00:00";1.486;0
"1972-11-10 17:30:00";1.466;0.04
"1972-11-10 18:00:00";1.466;0.04
"1972-11-10 18:30:00";1.456;0.2
"1972-11-10 19:00:00";1.447;0.32
"1972-11-10 19:30:00";1.427;0.16
"1972-11-10 20:00:00";1.437;0.32
"1972-11-10 20:30:00";1.456;0.16
"1972-11-10 21:00:00";1.486;0.08
"1972-11-10 21:30:00";1.496;0.12
"1972-11-10 22:00:00";1.506;0.16
"1972-11-10 22:30:00";1.506;0.04
"1972-11-10 23:00:00";1.506;0.04
"1972-11-10 23:30:00";1.517;0.2
"1972-11-11 00:00:00";1.517;0.16
"1972-11-11 00:30:00";1.517;0.24
"1972-11-11 01:00:00";1.517;0.52
"1972-11-11 01:30:00";1.527;0.44
"1972-11-11 02:00:00";1.547;0.36
"1972-11-11 02:30:00";1.558;0.32
"1972-11-11 03:00:00";1.589;0.08
"1972-11-11 03:30:00";1.621;0.08
"1972-11-11 04:00:00";1.653;0.16
"1972-11-11 04:30:00";1.674;0.12
"1972-11-11 05:00:00";1.674;0.04
"1972-11-11 05:30:00";1.664;0.04
"1972-11-11 06:00:00";1.642;0.16
"1972-11-11 06:30:00";1.621;0.12
"1972-11-11 07:00:00";1.599;0.2
"1972-11-11 07:30:00";1.578;0.08
"1972-11-11 08:00:00";1.558;0.12
"1972-11-11 08:30:00";1.547;0.12
"1972-11-11 09:00:00";1.537;0.12
"1972-11-11 09:30:00";1.527;0.08
"1972-11-11 10:00:00";1.517;0.04
"1972-11-11 10:30:00";1.506;0
"1972-11-11 11:00:00";1.496;0.12
"1972-11-11 11:30:00";1.486;0
"1972-11-11 12:00:00";1.476;0.12
"1972-11-11 12:30:00";1.466;0.08
"1972-11-11 13:00:00";1.456;0
"1972-11-11 13:30:00";1.447;0.16
"1972-11-11 14:00:00";1.417;0
"1972-11-11 14:30:00";1.417;0.12
"1972-11-11 15:00:00";1.398;0
"1972-11-11 15:30:00";1.388;0.04
"1972-11-11 16:00:00";1.388;0
"1972-11-11 16:30:00";1.379;0.16
"1972-11-11 17:00:00";1.369;0.32
"1972-11-11 17:30:00";1.36;0.16
"1972-11-11 18:00:00";1.36;0.4
"1972-11-11 18:30:00";1.388;0.88
"1972-11-11 19:00:00";1.437;0.56
"1972-11-11 19:30:00";1.578;0.76
"1972-11-11 20:00:00";1.786;0.52
"1972-11-11 20:30:00";2.036;0.92
"1972-11-11 21:00:00";2.336;0.6
"1972-11-11 21:30:00";2.726;0.72
"1972-11-11 22:00:00";3.02;0.88
"1972-11-11 22:30:00";3.238;0.52
"1972-11-11 23:00:00";3.309;0.2
"1972-11-11 23:30:00";3.309;0.08
"1972-11-12 00:00:00";3.266;0.04
"1972-11-12 00:30:00";3.183;0.04
"1972-11-12 01:00:00";3.073;0.16
"1972-11-12 01:30:00";2.98;0.12
"1972-11-12 02:00:00";2.875;0.16
"1972-11-12 02:30:00";2.788;0.28
"1972-11-12 03:00:00";2.711;0.08
"1972-11-12 03:30:00";2.681;0.44
"1972-11-12 04:00:00";2.636;0.32
"1972-11-12 04:30:00";2.636;0.48
"1972-11-12 05:00:00";2.636;0.44
"1972-11-12 05:30:00";2.666;0.96
"1972-11-12 06:00:00";2.819;1.48
"1972-11-12 06:30:00";3.073;3.08
"1972-11-12 07:00:00";3.766;2.08
"1972-11-12 07:30:00";5.48;2.24
"1972-11-12 08:00:00";8.093;2.68
"1972-11-12 08:30:00";10.738;2.76
"1972-11-12 09:00:00";12.656;2.16
"1972-11-12 09:30:00";13.791;1.28
"1972-11-12 10:00:00";14.242;1.48
"1972-11-12 10:30:00";14.033;1.28
"1972-11-12 11:00:00";13.757;1.36
"1972-11-12 11:30:00";13.895;1.68
"1972-11-12 12:00:00";14.137;1.28
"1972-11-12 12:30:00";14.666;1.2
"1972-11-12 13:00:00";14.773;0.8
"1972-11-12 13:30:00";14.701;0.48
"1972-11-12 14:00:00";13.86;0.2
"1972-11-12 14:30:00";12.623;0
"1972-11-12 15:00:00";11.796;0
"1972-11-12 15:30:00";10.974;0.04
"1972-11-12 16:00:00";10.104;0
"1972-11-12 16:30:00";9.685;0
"1972-11-12 17:00:00";9.064;0.24
"1972-11-12 17:30:00";8.673;0.64
"1972-11-12 18:00:00";8.317;0.08
"1972-11-12 18:30:00";7.898;0
"1972-11-12 19:00:00";7.633;0.12
"1972-11-12 19:30:00";7.259;0.16
"1972-11-12 20:00:00";7.076;0
"1972-11-12 20:30:00";6.896;0
"1972-11-12 21:00:00";6.61;0
"1972-11-12 21:30:00";6.395;0
"1972-11-12 22:00:00";6.184;0
"1972-11-12 22:30:00";5.998;0.04
"1972-11-12 23:00:00";5.775;0
"1972-11-12 23:30:00";5.617;0
"1972-11-13 00:00:00";5.499;0
"1972-11-13 00:30:00";5.289;0
"1972-11-13 01:00:00";5.157;0
"1972-11-13 01:30:00";5.064;0.04
"1972-11-13 02:00:00";5.009;0.08
"1972-11-13 02:30:00";4.828;0.04
"1972-11-13 03:00:00";4.722;0
"1972-11-13 03:30:00";4.634;0
"1972-11-13 04:00:00";4.547;0
"1972-11-13 04:30:00";4.411;0
"1972-11-13 05:00:00";4.327;0
"1972-11-13 05:30:00";4.227;0
"1972-11-13 06:00:00";4.161;0.12
"1972-11-13 06:30:00";4.064;0.08
"1972-11-13 07:00:00";4.016;0.04
"1972-11-13 07:30:00";3.968;0.24
"1972-11-13 08:00:00";3.968;0.2
"1972-11-13 08:30:00";3.937;0.2
"1972-11-13 09:00:00";3.89;0
"1972-11-13 09:30:00";3.843;0
"1972-11-13 10:00:00";3.781;0.12
"1972-11-13 10:30:00";3.705;0
"1972-11-13 11:00:00";3.629;0.2
"1972-11-13 11:30:00";3.584;0
"1972-11-13 12:00:00";3.54;0
"1972-11-13 12:30:00";3.481;0
"1972-11-13 13:00:00";3.438;0
"1972-11-13 13:30:00";3.409;0
"1972-11-13 14:00:00";3.38;0
"1972-11-13 14:30:00";3.28;0
"1972-11-13 15:00:00";3.238;0
"1972-11-13 15:30:00";3.197;0
"1972-11-13 16:00:00";3.155;0
"1972-11-13 16:30:00";3.128;0
"1972-11-13 17:00:00";3.087;0
"1972-11-13 17:30:00";3.073;0
"1972-11-13 18:00:00";3.046;0
"1972-11-13 18:30:00";3.02;0
"1972-11-13 19:00:00";2.966;0
"1972-11-13 19:30:00";2.94;0
"1972-11-13 20:00:00";2.901;0
"1972-11-13 20:30:00";2.875;0
"1972-11-13 21:00:00";2.85;0
"1972-11-13 21:30:00";2.819;0
"1972-11-13 22:00:00";2.772;0
"1972-11-13 22:30:00";2.726;0
"1972-11-13 23:00:00";2.711;0
"1972-11-13 23:30:00";2.666;0
"1972-11-14 00:00:00";2.606;0
"1972-11-14 00:30:00";2.577;0
"1972-11-14 01:00:00";2.533;0.04
"1972-11-14 01:30:00";2.49;0
"1972-11-14 02:00:00";2.462;0.04
"1972-11-14 02:30:00";2.433;0.05
"1972-11-14 03:00:00";2.405;0
"1972-11-14 03:30:00";2.378;0.05
"1972-11-14 04:00:00";2.364;0.15
"1972-11-14 04:30:00";2.35;0.1
"1972-11-14 05:00:00";2.35;0
"1972-11-14 05:30:00";2.336;0.05
"1972-11-14 06:00:00";2.323;0
"1972-11-14 06:30:00";2.282;0
"1972-11-14 07:00:00";2.255;0.05
"1972-11-14 07:30:00";2.229;0
"1972-11-14 08:00:00";2.202;0
"1972-11-14 08:30:00";2.176;0
"1972-11-14 09:00:00";2.15;0
"1972-11-14 09:30:00";2.137;0
"1972-11-14 10:00:00";2.111;0
"1972-11-14 10:30:00";2.099;0
"1972-11-14 11:00:00";2.073;0
"1972-11-14 11:30:00";2.048;0
"1972-11-14 12:00:00";2.036;0
"1972-11-14 12:30:00";2.023;0
"1972-11-14 13:00:00";2.011;0
"1972-11-14 13:30:00";1.999;0
"1972-11-14 14:00:00";1.986;0.05
"1972-11-14 14:30:00";1.926;0
"1972-11-14 15:00:00";1.914;0
"1972-11-14 15:30:00";1.89;0
"1972-11-14 16:00:00";1.878;0
"1972-11-14 16:30:00";1.867;0
"1972-11-14 17:00:00";1.843;0
"1972-11-14 17:30:00";1.832;0
"1972-11-14 18:00:00";1.82;0
"1972-11-14 18:30:00";1.797;0
"1972-11-14 19:00:00";1.786;0
"1972-11-14 19:30:00";1.774;0
"1972-11-14 20:00:00";1.763;0
"1972-11-14 20:30:00";1.752;0
"1972-11-14 21:00:00";1.73;0
"1972-11-14 21:30:00";1.73;0
"1972-11-14 22:00:00";1.718;0
"1972-11-14 22:30:00";1.696;0
"1972-11-14 23:00:00";1.685;0
"1972-11-14 23:30:00";1.674;0
"1972-11-15 00:00:00";1.664;0
"1972-11-15 00:30:00";1.642;0
"1972-11-15 01:00:00";1.631;0
"1972-11-15 01:30:00";1.621;0
"1972-11-15 02:00:00";1.61;0
"1972-11-15 02:30:00";1.599;0.05
"1972-11-15 03:00:00";1.589;0.05
"1972-11-15 03:30:00";1.589;0
"1972-11-15 04:00:00";1.578;0
"1972-11-15 04:30:00";1.568;0.05
"1972-11-15 05:00:00";1.568;0
"1972-11-15 05:30:00";1.558;0.05
"1972-11-15 06:00:00";1.547;0
"1972-11-15 06:30:00";1.537;0
"1972-11-15 07:00:00";1.527;0
"1972-11-15 07:30:00";1.517;0
"1972-11-15 08:00:00";1.506;0
"1972-11-15 08:30:00";1.496;0
"1972-11-15 09:00:00";1.486;0
"1972-11-15 09:30:00";1.486;0
"1972-11-15 10:00:00";1.476;0
"1972-11-15 10:30:00";1.466;0
"1972-11-15 11:00:00";1.466;0
"1972-11-15 11:30:00";1.456;0
"1972-11-15 12:00:00";1.447;0
"1972-11-15 12:30:00";1.427;0
"1972-11-15 13:00:00";1.417;0
"1972-11-15 13:30:00";1.408;0
"1972-11-15 14:00:00";1.398;0
"1972-11-15 14:30:00";1.388;0
"1972-11-15 15:00:00";1.388;0
"1972-11-15 15:30:00";1.379;0
"1972-11-15 16:00:00";1.369;0
"1972-11-15 16:30:00";1.369;0.05
"1972-11-15 17:00:00";1.36;0
"1972-11-15 17:30:00";1.35;0
"1972-11-15 18:00:00";1.341;0
"1972-11-15 18:30:00";1.341;0
"1972-11-15 19:00:00";1.332;0
"1972-11-15 19:30:00";1.322;0
"1972-11-15 20:00:00";1.322;0
"1972-11-15 20:30:00";1.313;0
"1972-11-15 21:00:00";1.304;0
"1972-11-15 21:30:00";1.304;0
"1972-11-15 22:00:00";1.295;0
"1972-11-15 22:30:00";1.286;0
"1972-11-15 23:00:00";1.286;0
"1972-11-15 23:30:00";1.277;0
"1972-11-16 00:00:00";1.268;0
"1972-11-16 00:30:00";1.268;0
"1972-11-16 01:00:00";1.259;0
"1972-11-16 01:30:00";1.259;0.05
"1972-11-16 02:00:00";1.25;0
"1972-11-16 02:30:00";1.25;0
"1972-11-16 03:00:00";1.241;0.05
"1972-11-16 03:30:00";1.232;0.05
"1972-11-16 04:00:00";1.232;0.05
"1972-11-16 04:30:00";1.223;0
"1972-11-16 05:00:00";1.223;0.05
"1972-11-16 05:30:00";1.223;0
"1972-11-16 06:00:00";1.215;0
"1972-11-16 06:30:00";1.215;0
"1972-11-16 07:00:00";1.206;0.05
"1972-11-16 07:30:00";1.189;0
"1972-11-16 08:00:00";1.171;0
"1972-11-16 08:30:00";1.163;0
"1972-11-16 09:00:00";1.155;0
"1972-11-16 09:30:00";1.146;0
"1972-11-16 10:00:00";1.146;0
"1972-11-16 10:30:00";1.138;0
"1972-11-16 11:00:00";1.129;0
"1972-11-16 11:30:00";1.129;0
"1972-11-16 12:00:00";1.121;0
"1972-11-16 12:30:00";1.113;0
"1972-11-16 13:00:00";1.105;0
"1972-11-16 13:30:00";1.105;0
"1972-11-16 14:00:00";1.097;0
"1972-11-16 14:30:00";1.088;0
"1972-11-16 15:00:00";1.088;0
"1972-11-16 15:30:00";1.08;0
"1972-11-16 16:00:00";1.072;0
"1972-11-16 16:30:00";1.064;0
"1972-11-16 17:00:00";1.056;0
"1972-11-16 17:30:00";1.048;0
"1972-11-16 18:00:00";1.048;0
"1972-11-16 18:30:00";1.041;0
"1972-11-16 19:00:00";1.033;0
"1972-11-16 19:30:00";1.033;0
"1972-11-16 20:00:00";1.033;0
"1972-11-16 20:30:00";1.033;0
"1972-11-16 21:00:00";1.025;0
"1972-11-16 21:30:00";1.025;0
"1972-11-16 22:00:00";1.025;0
"1972-11-16 22:30:00";1.017;0
"1972-11-16 23:00:00";1.017;0
"1972-11-16 23:30:00";1.017;0
"1972-11-17 00:00:00";1.01;0
"1972-11-17 00:30:00";1.01;0
"1972-11-17 01:00:00";0.871;0
"1972-11-17 01:30:00";1.002;0
"1972-11-17 02:00:00";0.994;0
"1972-11-17 02:30:00";0.994;0
"1972-11-17 03:00:00";0.987;0.05
"1972-11-17 03:30:00";0.964;0
"1972-11-17 04:00:00";0.957;0
"1972-11-17 04:30:00";0.957;0.05
"1972-11-17 05:00:00";0.957;0.08
"1972-11-17 05:30:00";0.949;0
"1972-11-17 06:00:00";0.949;0
"1972-11-17 06:30:00";0.949;0
"1972-11-17 07:00:00";0.942;0
"1972-11-17 07:30:00";0.942;0
"1972-11-17 08:00:00";0.935;0
"1972-11-17 08:30:00";0.935;0
"1972-11-17 09:00:00";0.927;0
"1972-11-17 09:30:00";0.92;0
"1972-11-17 10:00:00";0.92;0
"1972-11-17 10:30:00";0.913;0
"1972-11-17 11:00:00";0.913;0
"1972-11-17 11:30:00";0.906;0
"1972-11-17 12:00:00";0.899;0
"1972-11-17 12:30:00";0.899;0
"1972-11-17 13:00:00";0.892;0
"1972-11-17 13:30:00";0.885;0
"1972-11-17 14:00:00";0.885;0
"1972-11-17 14:30:00";0.878;0
"1972-11-17 15:00:00";0.871;0
"1972-11-17 15:30:00";0.871;0
"1972-11-17 16:00:00";0.864;0
"1972-11-17 16:30:00";0.864;0
"1972-11-17 17:00:00";0.857;0
"1972-11-17 17:30:00";0.857;0
"1972-11-17 18:00:00";0.857;0
"1972-11-17 18:30:00";0.85;0
"1972-11-17 19:00:00";0.85;0
"1972-11-17 19:30:00";0.843;0
"1972-11-17 20:00:00";0.843;0
"1972-11-17 20:30:00";0.843;0
"1972-11-17 21:00:00";0.843;0
"1972-11-17 21:30:00";0.836;0
"1972-11-17 22:00:00";0.836;0
"1972-11-17 22:30:00";0.836;0
"1972-11-17 23:00:00";0.83;0
"1972-11-17 23:30:00";0.83;0
"1972-11-18 00:00:00";0.823;0
"1972-11-18 00:30:00";0.823;0
"1972-11-18 01:00:00";0.823;0
"1972-11-18 01:30:00";0.816;0
"1972-11-18 02:00:00";0.816;0
"1972-11-18 02:30:00";0.81;0
"1972-11-18 03:00:00";0.81;0.04
"1972-11-18 03:30:00";0.81;0
"1972-11-18 04:00:00";0.81;0
"1972-11-18 04:30:00";0.81;0.04
"1972-11-18 05:00:00";0.81;0
"1972-11-18 05:30:00";0.81;0
"1972-11-18 06:00:00";0.81;0
"1972-11-18 06:30:00";0.803;0
"1972-11-18 07:00:00";0.803;0
"1972-11-18 07:30:00";0.803;0
"1972-11-18 08:00:00";0.803;0
"1972-11-18 08:30:00";0.797;0
"1972-11-18 09:00:00";0.797;0
"1972-11-18 09:30:00";0.797;0
"1972-11-18 10:00:00";0.797;0
"1972-11-18 10:30:00";0.79;0
"1972-11-18 11:00:00";0.79;0
"1972-11-18 11:30:00";0.79;0.04
"1972-11-18 12:00:00";0.79;0.04
"1972-11-18 12:30:00";0.797;0.2
"1972-11-18 13:00:00";0.803;0.32
"1972-11-18 13:30:00";0.823;0.4
"1972-11-18 14:00:00";0.836;0.6
"1972-11-18 14:30:00";0.864;0.6
"1972-11-18 15:00:00";0.906;0.72
"1972-11-18 15:30:00";0.949;0.6
"1972-11-18 16:00:00";0.987;0.6
"1972-11-18 16:30:00";1.056;0.36
"1972-11-18 17:00:00";1.121;0.52
"1972-11-18 17:30:00";1.189;0.48
"1972-11-18 18:00:00";1.268;0.36
"1972-11-18 18:30:00";1.322;0.44
"1972-11-18 19:00:00";1.369;0.12
"1972-11-18 19:30:00";1.398;0.28
"1972-11-18 20:00:00";1.398;0.04
"1972-11-18 20:30:00";1.398;0.08
"1972-11-18 21:00:00";1.388;0.04
"1972-11-18 21:30:00";1.369;0.12
"1972-11-18 22:00:00";1.341;0.08
"1972-11-18 22:30:00";1.322;0.08
"1972-11-18 23:00:00";1.304;0.08
"1972-11-18 23:30:00";1.286;0.08
"1972-11-19 00:00:00";1.277;0.08
"1972-11-19 00:30:00";1.268;0.12
"1972-11-19 01:00:00";1.259;0.12
"1972-11-19 01:30:00";1.241;0.12
"1972-11-19 02:00:00";1.232;0.08
"1972-11-19 02:30:00";1.223;0.08
"1972-11-19 03:00:00";1.215;0.04
"1972-11-19 03:30:00";1.215;0.08
"1972-11-19 04:00:00";1.215;0.12
"1972-11-19 04:30:00";1.215;0.08
"1972-11-19 05:00:00";1.215;0.16
"1972-11-19 05:30:00";1.223;0.12
"1972-11-19 06:00:00";1.241;0.04
"1972-11-19 06:30:00";1.259;0.12
"1972-11-19 07:00:00";1.277;0.16
"1972-11-19 07:30:00";1.304;0.36
"1972-11-19 08:00:00";1.379;1.48
"1972-11-19 08:30:00";1.517;2.12
"1972-11-19 09:00:00";1.797;2.04
"1972-11-19 09:30:00";2.163;0.6
"1972-11-19 10:00:00";2.666;0.52
"1972-11-19 10:30:00";3.073;0.04
"1972-11-19 11:00:00";3.128;0.04
"1972-11-19 11:30:00";3.06;0.04
"1972-11-19 12:00:00";2.953;0
"1972-11-19 12:30:00";2.834;0.08
"1972-11-19 13:00:00";2.696;0.48
"1972-11-19 13:30:00";2.504;0.36
"1972-11-19 14:00:00";2.378;0.04
"1972-11-19 14:30:00";2.323;0
"1972-11-19 15:00:00";2.229;0
"1972-11-19 15:30:00";2.15;0
"1972-11-19 16:00:00";2.086;0.04
"1972-11-19 16:30:00";2.023;0
"1972-11-19 17:00:00";1.938;0
"1972-11-19 17:30:00";1.89;0
"1972-11-19 18:00:00";1.855;0
"1972-11-19 18:30:00";1.82;0
"1972-11-19 19:00:00";1.786;0
"1972-11-19 19:30:00";1.763;0.2
"1972-11-19 20:00:00";1.741;1.16
"1972-11-19 20:30:00";1.752;0.48
"1972-11-19 21:00:00";1.774;0.24
"1972-11-19 21:30:00";1.797;0.08
"1972-11-19 22:00:00";1.855;0
"1972-11-19 22:30:00";1.878;0.04
"1972-11-19 23:00:00";1.89;0.12
"1972-11-19 23:30:00";1.89;0.24
"1972-11-20 00:00:00";1.878;0.04
"1972-11-20 00:30:00";1.855;0
"1972-11-20 01:00:00";1.843;0
"1972-11-20 01:30:00";1.82;0.04
"1972-11-20 02:00:00";1.809;0.04
"1972-11-20 02:30:00";1.797;0.64
"1972-11-20 03:00:00";1.832;1.52
"1972-11-20 03:30:00";1.902;0.68
"1972-11-20 04:00:00";1.999;0.12
"1972-11-20 04:30:00";2.215;0.28
"1972-11-20 05:00:00";2.364;0.68
"1972-11-20 05:30:00";2.462;0.8
"1972-11-20 06:00:00";2.577;0.12
"1972-11-20 06:30:00";2.651;0
"1972-11-20 07:00:00";2.696;0.04
"1972-11-20 07:30:00";2.681;0
"1972-11-20 08:00:00";2.592;0
"1972-11-20 08:30:00";2.533;0
"1972-11-20 09:00:00";2.462;0.88
"1972-11-20 09:30:00";2.433;0.12
"1972-11-20 10:00:00";2.419;0.84
"1972-11-20 10:30:00";2.433;0.76
"1972-11-20 11:00:00";2.533;0.48
"1972-11-20 11:30:00";2.666;0.52
"1972-11-20 12:00:00";2.862;0.36
"1972-11-20 12:30:00";3.02;0.32
"1972-11-20 13:00:00";3.155;0.56
"1972-11-20 13:30:00";3.252;0.12
"1972-11-20 14:00:00";3.28;0.28
"1972-11-20 14:30:00";3.28;0.24
"1972-11-20 15:00:00";3.266;0.04
"1972-11-20 15:30:00";3.238;0.16
"1972-11-20 16:00:00";3.21;0.32
"1972-11-20 16:30:00";3.169;0.24
"1972-11-20 17:00:00";3.141;0.36
"1972-11-20 17:30:00";3.114;0.16
"1972-11-20 18:00:00";3.1;0.2
"1972-11-20 18:30:00";3.1;0.24
"1972-11-20 19:00:00";3.087;0.04
"1972-11-20 19:30:00";3.073;0
"1972-11-20 20:00:00";3.06;0.04
"1972-11-20 20:30:00";3.033;0
"1972-11-20 21:00:00";2.98;0
"1972-11-20 21:30:00";2.927;0
"1972-11-20 22:00:00";2.888;0
"1972-11-20 22:30:00";2.862;0
"1972-11-20 23:00:00";2.834;0
"1972-11-20 23:30:00";2.788;0
"1972-11-21 00:00:00";2.741;0
"1972-11-21 00:30:00";2.711;0
"1972-11-21 01:00:00";2.666;0
"1972-11-21 01:30:00";2.621;0
"1972-11-21 02:00:00";2.592;0
"1972-11-21 02:30:00";2.548;0
"1972-11-21 03:00:00";2.519;0
"1972-11-21 03:30:00";2.49;0
"1972-11-21 04:00:00";2.462;0
"1972-11-21 04:30:00";2.448;0
"1972-11-21 05:00:00";2.419;0
"1972-11-21 05:30:00";2.391;0
"1972-11-21 06:00:00";2.378;0
"1972-11-21 06:30:00";2.364;0.36
"1972-11-21 07:00:00";2.364;0.52
"1972-11-21 07:30:00";2.364;0.2
"1972-11-21 08:00:00";2.364;0
"1972-11-21 08:30:00";2.378;0.08
"1972-11-21 09:00:00";2.364;0.04
"1972-11-21 09:30:00";2.364;0
"1972-11-21 10:00:00";2.35;0.04
"1972-11-21 10:30:00";2.336;0.2
"1972-11-21 11:00:00";2.336;0.24
"1972-11-21 11:30:00";2.336;0.24
"1972-11-21 12:00:00";2.336;0.48
"1972-11-21 12:30:00";2.35;0.68
"1972-11-21 13:00:00";2.391;0.44
"1972-11-21 13:30:00";2.49;1.24
"1972-11-21 14:00:00";2.636;1.04
"1972-11-21 14:30:00";2.803;0.72
"1972-11-21 15:00:00";2.914;0.24
"1972-11-21 15:30:00";3.006;0.12
"1972-11-21 16:00:00";3.046;0.03
"1972-11-21 16:30:00";3.06;0.2
"1972-11-21 17:00:00";3.046;0.57
"1972-11-21 17:30:00";3.033;0.73
"1972-11-21 18:00:00";3.033;0.73
"1972-11-21 18:30:00";3.073;0.53
"1972-11-21 19:00:00";3.128;0.17
"1972-11-21 19:30:00";3.183;0.57
"1972-11-21 20:00:00";3.309;0.53
"1972-11-21 20:30:00";3.423;0.33
"1972-11-21 21:00:00";3.584;0.07
"1972-11-21 21:30:00";3.72;0.1
"1972-11-21 22:00:00";3.75;0.03
"1972-11-21 22:30:00";3.674;0.13
"1972-11-21 23:00:00";3.599;0
"1972-11-21 23:30:00";3.511;0
"1972-11-22 00:00:00";3.438;0.17
"1972-11-22 00:30:00";3.394;0.53
"1972-11-22 01:00:00";3.351;0.03
"1972-11-22 01:30:00";3.337;0
"1972-11-22 02:00:00";3.366;0
"1972-11-22 02:30:00";3.394;0
"1972-11-22 03:00:00";3.366;0
"1972-11-22 03:30:00";3.266;0.17
"1972-11-22 04:00:00";3.224;0.2
"1972-11-22 04:30:00";3.183;0.13
"1972-11-22 05:00:00";3.141;0
"1972-11-22 05:30:00";3.128;0
"1972-11-22 06:00:00";3.087;0
"1972-11-22 06:30:00";3.06;0
"1972-11-22 07:00:00";3.033;0
"1972-11-22 07:30:00";2.98;0
"1972-11-22 08:00:00";2.94;0
"1972-11-22 08:30:00";2.901;0
"1972-11-22 09:00:00";2.875;0
"1972-11-22 09:30:00";2.862;0
"1972-11-22 10:00:00";2.834;0
"1972-11-22 10:30:00";2.819;0
"1972-11-22 11:00:00";2.788;0
"1972-11-22 11:30:00";2.772;0
"1972-11-22 12:00:00";2.726;0
"1972-11-22 12:30:00";2.711;0
"1972-11-22 13:00:00";2.696;0.03
"1972-11-22 13:30:00";2.681;0
"1972-11-22 14:00:00";2.651;0.03
"1972-11-22 14:30:00";2.621;0
"1972-11-22 15:00:00";2.606;0
"1972-11-22 15:30:00";2.577;0
"1972-11-22 16:00:00";2.548;0
"1972-11-22 16:30:00";2.519;0
"1972-11-22 17:00:00";2.504;0
"1972-11-22 17:30:00";2.49;0
"1972-11-22 18:00:00";2.462;0
"1972-11-22 18:30:00";2.433;0
"1972-11-22 19:00:00";2.419;0
"1972-11-22 19:30:00";2.391;0
"1972-11-22 20:00:00";2.378;0
"1972-11-22 20:30:00";2.364;0
"1972-11-22 21:00:00";2.35;0
"1972-11-22 21:30:00";2.336;0
"1972-11-22 22:00:00";2.336;0
"1972-11-22 22:30:00";2.323;0
"1972-11-22 23:00:00";2.295;0
"1972-11-22 23:30:00";2.269;0.03
"1972-11-23 00:00:00";2.255;0
"1972-11-23 00:30:00";2.229;0
"1972-11-23 01:00:00";2.215;0
"1972-11-23 01:30:00";2.202;0
"1972-11-23 02:00:00";2.189;0.03
"1972-11-23 02:30:00";2.176;0
"1972-11-23 03:00:00";2.163;0
"1972-11-23 03:30:00";2.15;0.1
"1972-11-23 04:00:00";2.137;0.07
"1972-11-23 04:30:00";2.124;0.03
"1972-11-23 05:00:00";2.111;0
"1972-11-23 05:30:00";2.099;0.03
"1972-11-23 06:00:00";2.086;0.03
"1972-11-23 06:30:00";2.061;0
"1972-11-23 07:00:00";2.048;0.03
"1972-11-23 07:30:00";2.048;0
"1972-11-23 08:00:00";2.036;0
"1972-11-23 08:30:00";2.023;0
"1972-11-23 09:00:00";2.023;0
"1972-11-23 09:30:00";2.011;0
"1972-11-23 10:00:00";1.999;0.03
"1972-11-23 10:30:00";1.95;0
"1972-11-23 11:00:00";1.938;0
"1972-11-23 11:30:00";1.914;0
"1972-11-23 12:00:00";1.902;0
"1972-11-23 12:30:00";1.89;0.07
"1972-11-23 13:00:00";1.878;0.03
"1972-11-23 13:30:00";1.867;0
"1972-11-23 14:00:00";1.855;0
"1972-11-23 14:30:00";1.843;0
"1972-11-23 15:00:00";1.832;0
"1972-11-23 15:30:00";1.82;0
"1972-11-23 16:00:00";1.809;0
"1972-11-23 16:30:00";1.797;0
"1972-11-23 17:00:00";1.786;0
"1972-11-23 17:30:00";1.774;0
"1972-11-23 18:00:00";1.763;0
"1972-11-23 18:30:00";1.752;0
"1972-11-23 19:00:00";1.741;0
"1972-11-23 19:30:00";1.73;0
"1972-11-23 20:00:00";1.73;0
"1972-11-23 20:30:00";1.718;0
"1972-11-23 21:00:00";1.707;0
"1972-11-23 21:30:00";1.696;0
"1972-11-23 22:00:00";1.674;0
"1972-11-23 22:30:00";1.664;0
"1972-11-23 23:00:00";1.653;0
"1972-11-23 23:30:00";1.642;0
"1972-11-24 00:00:00";1.631;0
"1972-11-24 00:30:00";1.621;0
"1972-11-24 01:00:00";1.61;0
"1972-11-24 01:30:00";1.599;0
"1972-11-24 02:00:00";1.589;0
"1972-11-24 02:30:00";1.568;0
"1972-11-24 03:00:00";1.568;0
"1972-11-24 03:30:00";1.558;0
"1972-11-24 04:00:00";1.558;0
"1972-11-24 04:30:00";1.547;0
"1972-11-24 05:00:00";1.537;0
"1972-11-24 05:30:00";1.527;0
"1972-11-24 06:00:00";1.527;0
"1972-11-24 06:30:00";1.517;0
"1972-11-24 07:00:00";1.506;0
"1972-11-24 07:30:00";1.506;0
"1972-11-24 08:00:00";1.496;0
"1972-11-24 08:30:00";1.486;0
"1972-11-24 09:00:00";1.476;0
"1972-11-24 09:30:00";1.476;0
"1972-11-24 10:00:00";1.466;0
"1972-11-24 10:30:00";1.456;0
"1972-11-24 11:00:00";1.456;0
"1972-11-24 11:30:00";1.447;0
"1972-11-24 12:00:00";1.417;0
"1972-11-24 12:30:00";1.417;0
"1972-11-24 13:00:00";1.408;0
"1972-11-24 13:30:00";1.398;0
"1972-11-24 14:00:00";1.388;0
"1972-11-24 14:30:00";1.379;0
"1972-11-24 15:00:00";1.369;0
"1972-11-24 15:30:00";1.36;0
"1972-11-24 16:00:00";1.35;0
"1972-11-24 16:30:00";1.341;0
"1972-11-24 17:00:00";1.332;0
"1972-11-24 17:30:00";1.332;0
"1972-11-24 18:00:00";1.322;0
"1972-11-24 18:30:00";1.313;0
"1972-11-24 19:00:00";1.304;0
"1972-11-24 19:30:00";1.304;0
"1972-11-24 20:00:00";1.295;0
"1972-11-24 20:30:00";1.286;0
"1972-11-24 21:00:00";1.286;0
"1972-11-24 21:30:00";1.277;0
"1972-11-24 22:00:00";1.277;0
"1972-11-24 22:30:00";1.268;0
"1972-11-24 23:00:00";1.268;0
"1972-11-24 23:30:00";1.259;0
"1972-11-25 00:00:00";1.259;0
"1972-11-25 00:30:00";1.25;0
"1972-11-25 01:00:00";1.25;0
"1972-11-25 01:30:00";1.241;0
"1972-11-25 02:00:00";1.241;0
"1972-11-25 02:30:00";1.232;0
"1972-11-25 03:00:00";1.232;0
"1972-11-25 03:30:00";1.223;0
"1972-11-25 04:00:00";1.223;0
"1972-11-25 04:30:00";1.223;0.03
"1972-11-25 05:00:00";1.223;0
"1972-11-25 05:30:00";1.215;0
"1972-11-25 06:00:00";1.215;0
"1972-11-25 06:30:00";1.215;0
"1972-11-25 07:00:00";1.206;0
"1972-11-25 07:30:00";1.206;0.03
"1972-11-25 08:00:00";1.197;0
"1972-11-25 08:30:00";1.171;0.03
"1972-11-25 09:00:00";1.171;0.2
"1972-11-25 09:30:00";1.171;0.13
"1972-11-25 10:00:00";1.171;0.1
"1972-11-25 10:30:00";1.171;0.13
"1972-11-25 11:00:00";1.171;0.1
"1972-11-25 11:30:00";1.171;0.17
"1972-11-25 12:00:00";1.171;0
"1972-11-25 12:30:00";1.18;0
"1972-11-25 13:00:00";1.18;0
"1972-11-25 13:30:00";1.18;0
"1972-11-25 14:00:00";1.18;0.07
"1972-11-25 14:30:00";1.171;0.3
"1972-11-25 15:00:00";1.163;0.2
"1972-11-25 15:30:00";1.163;0.07
"1972-11-25 16:00:00";1.163;0
"1972-11-25 16:30:00";1.155;0
"1972-11-25 17:00:00";1.155;0
"1972-11-25 17:30:00";1.155;0
"1972-11-25 18:00:00";1.146;0
"1972-11-25 18:30:00";1.138;0
"1972-11-25 19:00:00";1.138;0
"1972-11-25 19:30:00";1.129;0
"1972-11-25 20:00:00";1.121;0
"1972-11-25 20:30:00";1.113;0
"1972-11-25 21:00:00";1.105;0
"1972-11-25 21:30:00";1.097;0
"1972-11-25 22:00:00";1.088;0
"1972-11-25 22:30:00";1.088;0
"1972-11-25 23:00:00";1.08;0
"1972-11-25 23:30:00";1.072;0
"1972-11-26 00:00:00";1.064;0
"1972-11-26 00:30:00";1.048;0
"1972-11-26 01:00:00";1.048;0
"1972-11-26 01:30:00";1.041;0
"1972-11-26 02:00:00";1.033;0
"1972-11-26 02:30:00";1.033;0
"1972-11-26 03:00:00";1.033;0
"1972-11-26 03:30:00";1.025;0
"1972-11-26 04:00:00";1.025;0.03
"1972-11-26 04:30:00";1.025;0.03
"1972-11-26 05:00:00";1.025;0
"1972-11-26 05:30:00";1.017;0
"1972-11-26 06:00:00";1.017;0
"1972-11-26 06:30:00";1.017;0
"1972-11-26 07:00:00";1.017;0
"1972-11-26 07:30:00";1.01;0
"1972-11-26 08:00:00";1.01;0
"1972-11-26 08:30:00";1.01;0
"1972-11-26 09:00:00";1.002;0
"1972-11-26 09:30:00";1.002;0
"1972-11-26 10:00:00";0.994;0
"1972-11-26 10:30:00";0.987;0
"1972-11-26 11:00:00";0.972;0
"1972-11-26 11:30:00";0.964;0
"1972-11-26 12:00:00";0.957;0
"1972-11-26 12:30:00";0.957;0
"1972-11-26 13:00:00";0.957;0
"1972-11-26 13:30:00";0.949;0.07
"1972-11-26 14:00:00";0.949;0
"1972-11-26 14:30:00";0.949;0
"1972-11-26 15:00:00";0.942;0
"1972-11-26 15:30:00";0.942;0
"1972-11-26 16:00:00";0.942;0
"1972-11-26 16:30:00";0.935;0
"1972-11-26 17:00:00";0.935;0
"1972-11-26 17:30:00";0.927;0
"1972-11-26 18:00:00";0.927;0
"1972-11-26 18:30:00";0.92;0
"1972-11-26 19:00:00";0.92;0
"1972-11-26 19:30:00";0.913;0
"1972-11-26 20:00:00";0.913;0
"1972-11-26 20:30:00";0.913;0
"1972-11-26 21:00:00";0.906;0
"1972-11-26 21:30:00";0.906;0
"1972-11-26 22:00:00";0.899;0
"1972-11-26 22:30:00";0.892;0
"1972-11-26 23:00:00";0.892;0
"1972-11-26 23:30:00";0.885;0
"1972-11-27 00:00:00";0.885;0
"1972-11-27 00:30:00";0.878;0
"1972-11-27 01:00:00";0.878;0
"1972-11-27 01:30:00";0.871;0
"1972-11-27 02:00:00";0.871;0
"1972-11-27 02:30:00";0.871;0
"1972-11-27 03:00:00";0.864;0
"1972-11-27 03:30:00";0.864;0
"1972-11-27 04:00:00";0.864;0
"1972-11-27 04:30:00";0.857;0
"1972-11-27 05:00:00";0.857;0
"1972-11-27 05:30:00";0.857;0
"1972-11-27 06:00:00";0.857;0
"1972-11-27 06:30:00";0.85;0
"1972-11-27 07:00:00";0.85;0
"1972-11-27 07:30:00";0.85;0.03
"1972-11-27 08:00:00";0.85;0.03
"1972-11-27 08:30:00";0.843;0
"1972-11-27 09:00:00";0.843;0
"1972-11-27 09:30:00";0.843;0.03
"1972-11-27 10:00:00";0.843;0
"1972-11-27 10:30:00";0.843;0.03
"1972-11-27 11:00:00";0.843;0.03
"1972-11-27 11:30:00";0.843;0
"1972-11-27 12:00:00";0.843;0.13
"1972-11-27 12:30:00";0.843;0.07
"1972-11-27 13:00:00";0.843;0.1
"1972-11-27 13:30:00";0.843;0.17
"1972-11-27 14:00:00";0.843;0.2
"1972-11-27 14:30:00";0.843;0.2
"1972-11-27 15:00:00";0.85;0.43
"1972-11-27 15:30:00";0.857;0.77
"1972-11-27 16:00:00";0.878;0.9
"1972-11-27 16:30:00";0.913;0.8
"1972-11-27 17:00:00";0.949;0.5
"1972-11-27 17:30:00";0.987;0.63
"1972-11-27 18:00:00";1.048;0.33
"1972-11-27 18:30:00";1.097;0.07
"1972-11-27 19:00:00";1.129;0
"1972-11-27 19:30:00";1.163;0
"1972-11-27 20:00:00";1.18;0
"1972-11-27 20:30:00";1.189;0
"1972-11-27 21:00:00";1.18;0
"1972-11-27 21:30:00";1.146;0.03
"1972-11-27 22:00:00";1.121;0
"1972-11-27 22:30:00";1.105;0
"1972-11-27 23:00:00";1.088;0
"1972-11-27 23:30:00";1.056;0
"1972-11-28 00:00:00";1.041;0
"1972-11-28 00:30:00";1.025;0
"1972-11-28 01:00:00";1.017;0.03
"1972-11-28 01:30:00";1.01;0.03
"1972-11-28 02:00:00";1.01;0.1
"1972-11-28 02:30:00";1.002;0.17
"1972-11-28 03:00:00";1.002;0.13
"1972-11-28 03:30:00";0.994;0.1
"1972-11-28 04:00:00";0.987;0.03
"1972-11-28 04:30:00";0.964;0.03
"1972-11-28 05:00:00";0.95;0
"1972-11-28 05:30:00";0.949;0
"1972-11-28 06:00:00";0.949;0
"1972-11-28 06:30:00";0.942;0
"1972-11-28 07:00:00";0.935;0
"1972-11-28 07:30:00";0.927;0
"1972-11-28 08:00:00";0.92;0
"1972-11-28 08:30:00";0.913;0
"1972-11-28 09:00:00";0.906;0
"1972-11-28 09:30:00";0.892;0
"1972-11-28 10:00:00";0.885;0
"1972-11-28 10:30:00";0.885;0
"1972-11-28 11:00:00";0.878;0
"1972-11-28 11:30:00";0.871;0
"1972-11-28 12:00:00";0.871;0
"1972-11-28 12:30:00";0.864;0
"1972-11-28 13:00:00";0.857;0
"1972-11-28 13:30:00";0.857;0
"1972-11-28 14:00:00";0.85;0
"1972-11-28 14:30:00";0.85;0
"1972-11-28 15:00:00";0.843;0
"1972-11-28 15:30:00";0.843;0
"1972-11-28 16:00:00";0.843;0
"1972-11-28 16:30:00";0.843;0
"1972-11-28 17:00:00";0.836;0
"1972-11-28 17:30:00";0.836;0
"1972-11-28 18:00:00";0.836;0
"1972-11-28 18:30:00";0.83;0
"1972-11-28 19:00:00";0.83;0
"1972-11-28 19:30:00";0.823;0
"1972-11-28 20:00:00";0.823;0.1
"1972-11-28 20:30:00";0.823;0.07
"1972-11-28 21:00:00";0.823;0.3
"1972-11-28 21:30:00";0.823;0.37
"1972-11-28 22:00:00";0.83;0.33
"1972-11-28 22:30:00";0.836;0.37
"1972-11-28 23:00:00";0.857;0.6
"1972-11-28 23:30:00";0.871;0.33
"1972-11-29 00:00:00";0.899;0.03
"1972-11-29 00:30:00";0.92;0.13
"1972-11-29 01:00:00";0.942;0.1
"1972-11-29 01:30:00";0.949;0.07
"1972-11-29 02:00:00";0.957;0.2
"1972-11-29 02:30:00";0.964;0.4
"1972-11-29 03:00:00";0.964;0.23
"1972-11-29 03:30:00";0.964;0.2
"1972-11-29 04:00:00";0.964;0.03
"1972-11-29 04:30:00";0.972;0.17
"1972-11-29 05:00:00";0.972;0.2
"1972-11-29 05:30:00";1.01;0.2
"1972-11-29 06:00:00";1.025;0.2
"1972-11-29 06:30:00";1.056;0.03
"1972-11-29 07:00:00";1.072;0.2
"1972-11-29 07:30:00";1.08;0.17
"1972-11-29 08:00:00";1.088;0.07
"1972-11-29 08:30:00";1.097;0.1
"1972-11-29 09:00:00";1.097;0.1
"1972-11-29 09:30:00";1.097;0.17
"1972-11-29 10:00:00";1.097;0.17
"1972-11-29 10:30:00";1.105;0.17
"1972-11-29 11:00:00";1.113;0.03
"1972-11-29 11:30:00";1.121;0.57
"1972-11-29 12:00:00";1.138;0.3
"1972-11-29 12:30:00";1.163;0.23
"1972-11-29 13:00:00";1.18;0.2
"1972-11-29 13:30:00";1.215;0.8
"1972-11-29 14:00:00";1.277;0.47
"1972-11-29 14:30:00";1.36;0.73
"1972-11-29 15:00:00";1.447;0.6
"1972-11-29 15:30:00";1.537;0.6
"1972-11-29 16:00:00";1.653;0.73
"1972-11-29 16:30:00";1.797;1.07
"1972-11-29 17:00:00";1.962;0.53
"1972-11-29 17:30:00";2.15;0.2
"1972-11-29 18:00:00";2.282;0.2
"1972-11-29 18:30:00";2.364;0.23
"1972-11-29 19:00:00";2.391;0
"1972-11-29 19:30:00";2.364;0
"1972-11-29 20:00:00";2.323;0
"1972-11-29 20:30:00";2.255;0
"1972-11-29 21:00:00";2.163;0
"1972-11-29 21:30:00";2.086;0
"1972-11-29 22:00:00";2.036;0
"1972-11-29 22:30:00";1.926;0
"1972-11-29 23:00:00";1.878;0
"1972-11-29 23:30:00";1.82;0
"1972-11-30 00:00:00";1.774;0
"1972-11-30 00:30:00";1.752;0.23
"1972-11-30 01:00:00";1.707;0
"1972-11-30 01:30:00";1.674;0
"1972-11-30 02:00:00";1.653;0
"1972-11-30 02:30:00";1.631;0.03
"1972-11-30 03:00:00";1.599;0.07
"1972-11-30 03:30:00";1.589;0.47
"1972-11-30 04:00:00";1.578;0
"1972-11-30 04:30:00";1.568;0.1
"1972-11-30 05:00:00";1.547;0
"1972-11-30 05:30:00";1.537;0
"1972-11-30 06:00:00";1.527;0.17
"1972-11-30 06:30:00";1.517;0.07
"1972-11-30 07:00:00";1.506;0.03
"1972-11-30 07:30:00";1.496;0.23
"1972-11-30 08:00:00";1.496;0.27
"1972-11-30 08:30:00";1.496;0.17
"1972-11-30 09:00:00";1.496;0.67
"1972-11-30 09:30:00";1.517;0.5
"1972-11-30 10:00:00";1.547;0.07
"1972-11-30 10:30:00";1.568;0.33
"1972-11-30 11:00:00";1.589;0
"1972-11-30 11:30:00";1.599;0
"1972-11-30 12:00:00";1.599;0.03
"1972-11-30 12:30:00";1.599;0.03
"1972-11-30 13:00:00";1.599;0.1
"1972-11-30 13:30:00";1.599;0.03
"1972-11-30 14:00:00";1.599;0
"1972-11-30 14:30:00";1.589;0.07
"1972-11-30 15:00:00";1.578;0.1
"1972-11-30 15:30:00";1.568;0
"1972-11-30 16:00:00";1.568;0.23
"1972-11-30 16:30:00";1.558;0.23
"1972-11-30 17:00:00";1.558;0
"1972-11-30 17:30:00";1.547;0
"1972-11-30 18:00:00";1.547;0
"1972-11-30 18:30:00";1.537;0.23
"1972-11-30 19:00:00";1.558;0.57
"1972-11-30 19:30:00";1.589;1
"1972-11-30 20:00:00";1.674;1.07
"1972-11-30 20:30:00";1.797;1.03
"1972-11-30 21:00:00";1.986;1.3
"1972-11-30 21:30:00";2.378;1.1
"1972-11-30 22:00:00";3.006;1.33
"1972-11-30 22:30:00";3.781;2
"1972-11-30 23:00:00";4.739;1.2
"1972-11-30 23:30:00";5.896;1.3
"1972-12-01 00:00:00";6.523;0.63
"1972-12-01 00:30:00";6.829;1.2
"1972-12-01 01:00:00";7.515;1.87
"1972-12-01 01:30:00";9.011;2.63
"1972-12-01 02:00:00";11.274;2.6
"1972-12-01 02:30:00";14.068;1.56
"1972-12-01 03:00:00";15.722;1.2
"1972-12-01 03:30:00";15.946;1.2
"1972-12-01 04:00:00";15.279;1.12
"1972-12-01 04:30:00";14.737;0.4
"1972-12-01 05:00:00";13.791;0.6
"1972-12-01 05:30:00";12.591;1.28
"1972-12-01 06:00:00";12.142;0.16
"1972-12-01 06:30:00";11.859;0
"1972-12-01 07:00:00";10.885;0
"1972-12-01 07:30:00";10.047;0
"1972-12-01 08:00:00";9.548;0.04
"1972-12-01 08:30:00";8.802;0.16
"1972-12-01 09:00:00";8.418;0
"1972-12-01 09:30:00";7.946;0.08
"1972-12-01 10:00:00";7.705;0
"1972-12-01 10:30:00";7.305;0
"1972-12-01 11:00:00";7.144;0
"1972-12-01 11:30:00";6.874;0
"1972-12-01 12:00:00";6.697;0.16
"1972-12-01 12:30:00";6.588;0.68
"1972-12-01 13:00:00";6.588;0.52
"1972-12-01 13:30:00";6.763;1.04
"1972-12-01 14:00:00";6.896;0.64
"1972-12-01 14:30:00";6.941;0.32
"1972-12-01 15:00:00";6.829;0.08
"1972-12-01 15:30:00";6.653;0.04
"1972-12-01 16:00:00";6.373;0
"1972-12-01 16:30:00";6.184;0
"1972-12-01 17:00:00";6.08;0.44
"1972-12-01 17:30:00";6.059;0.28
"1972-12-01 18:00:00";5.896;0.04
"1972-12-01 18:30:00";5.735;0
"1972-12-01 19:00:00";5.617;0
"1972-12-01 19:30:00";5.441;0
"1972-12-01 20:00:00";5.308;0
"1972-12-01 20:30:00";5.176;0
"1972-12-01 21:00:00";5.101;0
"1972-12-01 21:30:00";5.046;0
"1972-12-01 22:00:00";4.918;0.24
"1972-12-01 22:30:00";4.9;0.32
"1972-12-01 23:00:00";4.828;0
"1972-12-01 23:30:00";4.757;0.04
"1972-12-02 00:00:00";4.687;0.04
"1972-12-02 00:30:00";4.617;0
"1972-12-02 01:00:00";4.53;0
"1972-12-02 01:30:00";4.428;0
"1972-12-02 02:00:00";4.343;0
"1972-12-02 02:30:00";4.277;0
"1972-12-02 03:00:00";4.227;0
"1972-12-02 03:30:00";4.178;0
"1972-12-02 04:00:00";4.096;0.04
"1972-12-02 04:30:00";4.048;0.12
"1972-12-02 05:00:00";4.016;0.08
"1972-12-02 05:30:00";3.984;0.04
"1972-12-02 06:00:00";3.937;0.4
"1972-12-02 06:30:00";3.937;0.52
"1972-12-02 07:00:00";3.953;0.2
"1972-12-02 07:30:00";3.968;0.12
"1972-12-02 08:00:00";3.968;0.12
"1972-12-02 08:30:00";3.953;0.04
"1972-12-02 09:00:00";3.905;0
"1972-12-02 09:30:00";3.858;0.2
"1972-12-02 10:00:00";3.827;0.44
"1972-12-02 10:30:00";3.874;0.88
"1972-12-02 11:00:00";4;0.76
"1972-12-02 11:30:00";4.129;0.44
"1972-12-02 12:00:00";4.161;0.2
"1972-12-02 12:30:00";4.113;0
"1972-12-02 13:00:00";4.032;0
"1972-12-02 13:30:00";3.905;0
"1972-12-02 14:00:00";3.843;0.08
"1972-12-02 14:30:00";3.827;0.56
"1972-12-02 15:00:00";3.89;0.92
"1972-12-02 15:30:00";4.113;1.24
"1972-12-02 16:00:00";4.377;0.48
"1972-12-02 16:30:00";4.53;0.36
"1972-12-02 17:00:00";4.599;0.24
"1972-12-02 17:30:00";4.651;0.76
"1972-12-02 18:00:00";4.775;0.44
"1972-12-02 18:30:00";4.882;0.44
"1972-12-02 19:00:00";4.936;0.12
"1972-12-02 19:30:00";4.918;0.48
"1972-12-02 20:00:00";4.973;0.68
"1972-12-02 20:30:00";5.083;0.56
"1972-12-02 21:00:00";5.289;0.36
"1972-12-02 21:30:00";5.441;0.04
"1972-12-02 22:00:00";5.461;0.2
"1972-12-02 22:30:00";5.365;0.24
"1972-12-02 23:00:00";5.365;0.28
"1972-12-02 23:30:00";5.346;0.12
"1972-12-03 00:00:00";5.251;0
"1972-12-03 00:30:00";5.12;0
"1972-12-03 01:00:00";5.064;0
"1972-12-03 01:30:00";4.864;0
"1972-12-03 02:00:00";4.739;0
"1972-12-03 02:30:00";4.651;0.12
"1972-12-03 03:00:00";4.582;0.08
"1972-12-03 03:30:00";4.496;0.12
"1972-12-03 04:00:00";4.479;0.28
"1972-12-03 04:30:00";4.462;0.08
"1972-12-03 05:00:00";4.445;0
"1972-12-03 05:30:00";4.411;0
"1972-12-03 06:00:00";4.377;0
"1972-12-03 06:30:00";4.36;0
"1972-12-03 07:00:00";4.327;0
"1972-12-03 07:30:00";4.277;0.08
"1972-12-03 08:00:00";4.26;0.12
"1972-12-03 08:30:00";4.227;0.2
"1972-12-03 09:00:00";4.211;0.04
"1972-12-03 09:30:00";4.129;0.04
"1972-12-03 10:00:00";4.064;0
"1972-12-03 10:30:00";4.032;0
"1972-12-03 11:00:00";3.968;0
"1972-12-03 11:30:00";3.921;0.08
"1972-12-03 12:00:00";3.89;0.2
"1972-12-03 12:30:00";3.874;0.04
"1972-12-03 13:00:00";3.858;0
"1972-12-03 13:30:00";3.827;0
"1972-12-03 14:00:00";3.796;0
"1972-12-03 14:30:00";3.766;0
"1972-12-03 15:00:00";3.689;0.04
"1972-12-03 15:30:00";3.659;0
"1972-12-03 16:00:00";3.629;0.12
"1972-12-03 16:30:00";3.614;0.08
"1972-12-03 17:00:00";3.584;0.04
"1972-12-03 17:30:00";3.57;0.16
"1972-12-03 18:00:00";3.555;0
"1972-12-03 18:30:00";3.525;0.04
"1972-12-03 19:00:00";3.511;0.2
"1972-12-03 19:30:00";3.496;0.44
"1972-12-03 20:00:00";3.511;0.6
"1972-12-03 20:30:00";3.57;0.4
"1972-12-03 21:00:00";3.659;0.48
"1972-12-03 21:30:00";3.75;0.4
"1972-12-03 22:00:00";3.874;0.44
"1972-12-03 22:30:00";4.096;1.04
"1972-12-03 23:00:00";4.582;1.96
"1972-12-03 23:30:00";5.916;2.6
"1972-12-04 00:00:00";8.443;2.8
"1972-12-04 00:30:00";11.672;2.04
"1972-12-04 01:00:00";13.283;0.6
"1972-12-04 01:30:00";13.485;0.2
"1972-12-04 02:00:00";12.429;0.32
"1972-12-04 02:30:00";11.58;0.56
"1972-12-04 03:00:00";10.562;0.56
"1972-12-04 03:30:00";10.504;0.24
"1972-12-04 04:00:00";10.019;0.48
"1972-12-04 04:30:00";9.851;0.36
"1972-12-04 05:00:00";9.575;0.24
"1972-12-04 05:30:00";9.038;0.32
"1972-12-04 06:00:00";8.932;0.56
"1972-12-04 06:30:00";8.57;0.2
"1972-12-04 07:00:00";8.342;0.2
"1972-12-04 07:30:00";8.093;0.48
"1972-12-04 08:00:00";8.118;0.44
"1972-12-04 08:30:00";8.217;0.4
"1972-12-04 09:00:00";8.242;0.16
"1972-12-04 09:30:00";8.192;0.2
"1972-12-04 10:00:00";8.118;0.16
"1972-12-04 10:30:00";7.971;0.08
"1972-12-04 11:00:00";7.849;0.32
"1972-12-04 11:30:00";7.729;0.24
"1972-12-04 12:00:00";7.468;0.16
"1972-12-04 12:30:00";7.305;0.24
"1972-12-04 13:00:00";7.19;0.16
"1972-12-04 13:30:00";6.941;0.08
"1972-12-04 14:00:00";6.807;0.24
"1972-12-04 14:30:00";6.653;0.04
"1972-12-04 15:00:00";6.588;0.32
"1972-12-04 15:30:00";6.437;0.16
"1972-12-04 16:00:00";6.373;0.28
"1972-12-04 16:30:00";6.331;0.32
"1972-12-04 17:00:00";6.352;0.36
"1972-12-04 17:30:00";6.331;0.52
"1972-12-04 18:00:00";6.331;0.28
"1972-12-04 18:30:00";6.289;0.04
"1972-12-04 19:00:00";6.184;0.16
"1972-12-04 19:30:00";6.08;0.04
"1972-12-04 20:00:00";5.957;0.04
"1972-12-04 20:30:00";5.856;0.16
"1972-12-04 21:00:00";5.795;0.72
"1972-12-04 21:30:00";5.977;1.72
"1972-12-04 22:00:00";6.523;1.84
"1972-12-04 22:30:00";7.468;1.64
"1972-12-04 23:00:00";8.828;1.56
"1972-12-04 23:30:00";10.533;1.96
"1972-12-05 00:00:00";12.142;1.44
"1972-12-05 00:30:00";12.983;0.64
"1972-12-05 01:00:00";13.017;0.28
"1972-12-05 01:30:00";12.852;0.52
"1972-12-05 02:00:00";12.885;1.84
"1972-12-05 02:30:00";13.553;1.76
"1972-12-05 03:00:00";15.243;1.92
"1972-12-05 03:30:00";18.013;1.48
"1972-12-05 04:00:00";19.848;1.16
"1972-12-05 04:30:00";23.095;1.36
"1972-12-05 05:00:00";22.486;2.24
"1972-12-05 05:30:00";23.001;0.72
"1972-12-05 06:00:00";24.588;0.08
"1972-12-05 06:30:00";23.142;0
"1972-12-05 07:00:00";20.325;0.2
"1972-12-05 07:30:00";18.958;0.76
"1972-12-05 08:00:00";17.254;0.44
"1972-12-05 08:30:00";15.833;0.12
"1972-12-05 09:00:00";15.316;0.12
"1972-12-05 09:30:00";14.701;0.4
"1972-12-05 10:00:00";14.347;0.24
"1972-12-05 10:30:00";13.757;0
"1972-12-05 11:00:00";13.116;0
"1972-12-05 11:30:00";12.688;0.2
"1972-12-05 12:00:00";12.269;0.44
"1972-12-05 12:30:00";12.11;0
"1972-12-05 13:00:00";11.953;0
"1972-12-05 13:30:00";11.58;0.12
"1972-12-05 14:00:00";11.274;0.4
"1972-12-05 14:30:00";11.064;0.28
"1972-12-05 15:00:00";10.856;0.72
"1972-12-05 15:30:00";10.621;0.12
"1972-12-05 16:00:00";10.331;0.28
"1972-12-05 16:30:00";9.935;0
"1972-12-05 17:00:00";9.63;0
"1972-12-05 17:30:00";9.331;0.28
"1972-12-05 18:00:00";9.439;1.24
"1972-12-05 18:30:00";9.575;0.2
"1972-12-05 19:00:00";9.277;0.04
"1972-12-05 19:30:00";9.011;0.44
"1972-12-05 20:00:00";8.932;0.44
"1972-12-05 20:30:00";8.88;0.36
"1972-12-05 21:00:00";8.932;0.48
"1972-12-05 21:30:00";8.932;0.32
"1972-12-05 22:00:00";8.75;0.2
"1972-12-05 22:30:00";8.724;1.12
"1972-12-05 23:00:00";9.575;3.2
"1972-12-05 23:30:00";12.301;3.56
"1972-12-06 00:00:00";15.499;2.36
"1972-12-06 00:30:00";16.824;0.28
"1972-12-06 01:00:00";16.059;0
"1972-12-06 01:30:00";14.737;0.2
"1972-12-06 02:00:00";13.485;0.2
"1972-12-06 02:30:00";12.526;0.08
"1972-12-06 03:00:00";11.672;0
"1972-12-06 03:30:00";11.154;0.08
"1972-12-06 04:00:00";10.708;0.32
"1972-12-06 04:30:00";10.36;0.12
"1972-12-06 05:00:00";10.019;0.24
"1972-12-06 05:30:00";9.823;0.6
"1972-12-06 06:00:00";9.657;0.04
"1972-12-06 06:30:00";9.575;0.12
"1972-12-06 07:00:00";9.412;0.44
"1972-12-06 07:30:00";9.331;0.12
"1972-12-06 08:00:00";9.143;0
"1972-12-06 08:30:00";8.932;0.04
"1972-12-06 09:00:00";8.647;0.04
"1972-12-06 09:30:00";8.519;1
"1972-12-06 10:00:00";8.596;0.96
"1972-12-06 10:30:00";8.673;0.2
"1972-12-06 11:00:00";8.698;0.84
"1972-12-06 11:30:00";8.802;0.6
"1972-12-06 12:00:00";8.906;0.12
"1972-12-06 12:30:00";8.854;0.08
"1972-12-06 13:00:00";8.776;0.12
"1972-12-06 13:30:00";8.647;0.2
"1972-12-06 14:00:00";8.418;0
"1972-12-06 14:30:00";8.192;0.04
"1972-12-06 15:00:00";7.922;0
"1972-12-06 15:30:00";7.729;0
"1972-12-06 16:00:00";7.421;0
"1972-12-06 16:30:00";7.259;0.6
"1972-12-06 17:00:00";7.236;0.8
"1972-12-06 17:30:00";7.236;0.28
"1972-12-06 18:00:00";7.19;0.44
"1972-12-06 18:30:00";7.167;0.36
"1972-12-06 19:00:00";7.144;0.28
"1972-12-06 19:30:00";7.144;0.32
"1972-12-06 20:00:00";7.19;1.04
"1972-12-06 20:30:00";7.61;0.68
"1972-12-06 21:00:00";7.898;0.4
"1972-12-06 21:30:00";8.044;0.28
"1972-12-06 22:00:00";8.118;0.56
"1972-12-06 22:30:00";8.192;0.56
"1972-12-06 23:00:00";8.242;0.2
"1972-12-06 23:30:00";8.242;0.08
"1972-12-07 00:00:00";8.168;0.08
"1972-12-07 00:30:00";7.995;0.24
"1972-12-07 01:00:00";7.873;0.28
"1972-12-07 01:30:00";7.801;0.32
"1972-12-07 02:00:00";7.729;0.28
"1972-12-07 02:30:00";7.681;0.56
"1972-12-07 03:00:00";7.539;0.08
"1972-12-07 03:30:00";7.351;0.08
"1972-12-07 04:00:00";7.167;0.04
"1972-12-07 04:30:00";6.963;0.04
"1972-12-07 05:00:00";6.829;0.08
"1972-12-07 05:30:00";6.719;0.36
"1972-12-07 06:00:00";6.697;1
"1972-12-07 06:30:00";6.852;1.16
"1972-12-07 07:00:00";7.076;0.48
"1972-12-07 07:30:00";7.167;0.24
"1972-12-07 08:00:00";7.144;0.04
"1972-12-07 08:30:00";7.008;0.12
"1972-12-07 09:00:00";6.829;0
"1972-12-07 09:30:00";6.653;0.04
"1972-12-07 10:00:00";6.588;0.2
"1972-12-07 10:30:00";6.502;0.16
"1972-12-07 11:00:00";6.416;0.56
"1972-12-07 11:30:00";6.502;0.92
"1972-12-07 12:00:00";6.61;0.16
"1972-12-07 12:30:00";6.545;0
"1972-12-07 13:00:00";6.395;0
"1972-12-07 13:30:00";6.247;0.04
"1972-12-07 14:00:00";6.121;0
"1972-12-07 14:30:00";5.977;0
"1972-12-07 15:00:00";5.835;0
"1972-12-07 15:30:00";5.735;0
"1972-12-07 16:00:00";5.617;0
"1972-12-07 16:30:00";5.558;0
"1972-12-07 17:00:00";5.422;0
"1972-12-07 17:30:00";5.327;0
"1972-12-07 18:00:00";5.251;0
"1972-12-07 18:30:00";5.157;0
"1972-12-07 19:00:00";5.12;0
"1972-12-07 19:30:00";5.064;0
"1972-12-07 20:00:00";4.918;0
"1972-12-07 20:30:00";4.864;0
"1972-12-07 21:00:00";4.793;0
"1972-12-07 21:30:00";4.739;0
"1972-12-07 22:00:00";4.687;0
"1972-12-07 22:30:00";4.651;0.24
"1972-12-07 23:00:00";4.634;0.2
"1972-12-07 23:30:00";4.617;0.08
"1972-12-08 00:00:00";4.599;0.68
"1972-12-08 00:30:00";4.582;0.48
"1972-12-08 01:00:00";4.599;0.16
"1972-12-08 01:30:00";4.582;0
"1972-12-08 02:00:00";4.479;0
"1972-12-08 02:30:00";4.394;0
"1972-12-08 03:00:00";4.327;0
"1972-12-08 03:30:00";4.26;0
"1972-12-08 04:00:00";4.227;0
"1972-12-08 04:30:00";4.194;0
"1972-12-08 05:00:00";4.113;0
"1972-12-08 05:30:00";4.08;0
"1972-12-08 06:00:00";4.032;0
"1972-12-08 06:30:00";3.984;0
"1972-12-08 07:00:00";3.937;0
"1972-12-08 07:30:00";3.89;0
"1972-12-08 08:00:00";3.858;0
"1972-12-08 08:30:00";3.827;0
"1972-12-08 09:00:00";3.796;0
"1972-12-08 09:30:00";3.766;0
"1972-12-08 10:00:00";3.689;0
"1972-12-08 10:30:00";3.644;0
"1972-12-08 11:00:00";3.614;0
"1972-12-08 11:30:00";3.57;0
"1972-12-08 12:00:00";3.54;0
"1972-12-08 12:30:00";3.496;0
"1972-12-08 13:00:00";3.467;0
"1972-12-08 13:30:00";3.452;0
"1972-12-08 14:00:00";3.438;0
"1972-12-08 14:30:00";3.409;0
"1972-12-08 15:00:00";3.394;0
"1972-12-08 15:30:00";3.309;0
"1972-12-08 16:00:00";3.28;0
"1972-12-08 16:30:00";3.252;0
"1972-12-08 17:00:00";3.224;0
"1972-12-08 17:30:00";3.183;0
"1972-12-08 18:00:00";3.155;0
"1972-12-08 18:30:00";3.128;0
"1972-12-08 19:00:00";3.1;0
"1972-12-08 19:30:00";3.087;0
"1972-12-08 20:00:00";3.073;0
"1972-12-08 20:30:00";3.06;0
"1972-12-08 21:00:00";3.006;0
"1972-12-08 21:30:00";2.98;0
"1972-12-08 22:00:00";2.953;0
"1972-12-08 22:30:00";2.927;0
"1972-12-08 23:00:00";2.901;0
"1972-12-08 23:30:00";2.888;0
"1972-12-09 00:00:00";2.862;0
"1972-12-09 00:30:00";2.85;0
"1972-12-09 01:00:00";2.819;0
"1972-12-09 01:30:00";2.788;0
"1972-12-09 02:00:00";2.757;0
"1972-12-09 02:30:00";2.741;0.05
"1972-12-09 03:00:00";2.726;0.1
"1972-12-09 03:30:00";2.726;0.2
"1972-12-09 04:00:00";2.711;0.1
"1972-12-09 04:30:00";2.696;0.3
"1972-12-09 05:00:00";2.696;0.15
"1972-12-09 05:30:00";2.696;0.1
"1972-12-09 06:00:00";2.696;0.3
"1972-12-09 06:30:00";2.696;0.5
"1972-12-09 07:00:00";2.726;0.7
"1972-12-09 07:30:00";2.819;0.45
"1972-12-09 08:00:00";2.888;0.4
"1972-12-09 08:30:00";2.94;0.15
"1972-12-09 09:00:00";2.966;0.05
"1972-12-09 09:30:00";2.98;0
"1972-12-09 10:00:00";2.98;0
"1972-12-09 10:30:00";2.94;0
"1972-12-09 11:00:00";2.901;0
"1972-12-09 11:30:00";2.875;0
"1972-12-09 12:00:00";2.834;0
"1972-12-09 12:30:00";2.788;0
"1972-12-09 13:00:00";2.741;0
"1972-12-09 13:30:00";2.711;0
"1972-12-09 14:00:00";2.636;0
"1972-12-09 14:30:00";2.606;0
"1972-12-09 15:00:00";2.548;0
"1972-12-09 15:30:00";2.519;0.15
"1972-12-09 16:00:00";2.504;0.1
"1972-12-09 16:30:00";2.519;0.95
"1972-12-09 17:00:00";2.592;0.55
"1972-12-09 17:30:00";2.651;0.3
"1972-12-09 18:00:00";2.651;0
"1972-12-09 18:30:00";2.636;0
"1972-12-09 19:00:00";2.592;0
"1972-12-09 19:30:00";2.548;0
"1972-12-09 20:00:00";2.504;0
"1972-12-09 20:30:00";2.462;0
"1972-12-09 21:00:00";2.419;0.05
"1972-12-09 21:30:00";2.405;0.25
"1972-12-09 22:00:00";2.391;0.65
"1972-12-09 22:30:00";2.405;0.15
"1972-12-09 23:00:00";2.405;0
"1972-12-09 23:30:00";2.405;0
"1972-12-10 00:00:00";2.391;0
"1972-12-10 00:30:00";2.378;0
"1972-12-10 01:00:00";2.364;0
"1972-12-10 01:30:00";2.35;0
"1972-12-10 02:00:00";2.295;0
"1972-12-10 02:30:00";2.282;0
"1972-12-10 03:00:00";2.255;0
"1972-12-10 03:30:00";2.229;0
"1972-12-10 04:00:00";2.215;0
"1972-12-10 04:30:00";2.189;0
"1972-12-10 05:00:00";2.176;0
"1972-12-10 05:30:00";2.163;0
"1972-12-10 06:00:00";2.15;0
"1972-12-10 06:30:00";2.137;0.1
"1972-12-10 07:00:00";2.124;0
"1972-12-10 07:30:00";2.111;0.25
"1972-12-10 08:00:00";2.137;1.6
"1972-12-10 08:30:00";2.189;1.05
"1972-12-10 09:00:00";2.323;0.9
"1972-12-10 09:30:00";2.49;0.05
"1972-12-10 10:00:00";2.681;0.5
"1972-12-10 10:30:00";2.85;1.85
"1972-12-10 11:00:00";3.02;2
"1972-12-10 11:30:00";3.294;0.55
"1972-12-10 12:00:00";3.57;0.3
"1972-12-10 12:30:00";3.705;0.25
"1972-12-10 13:00:00";3.705;0.05
"1972-12-10 13:30:00";3.599;0
"1972-12-10 14:00:00";3.481;0
"1972-12-10 14:30:00";3.409;0
"1972-12-10 15:00:00";3.266;0
"1972-12-10 15:30:00";3.155;0
"1972-12-10 16:00:00";3.087;0
"1972-12-10 16:30:00";2.993;0
"1972-12-10 17:00:00";2.914;0
"1972-12-10 17:30:00";2.862;0
"1972-12-10 18:00:00";2.803;0
"1972-12-10 18:30:00";2.726;0
"1972-12-10 19:00:00";2.666;0
"1972-12-10 19:30:00";2.606;0
"1972-12-10 20:00:00";2.548;0
"1972-12-10 20:30:00";2.504;0
"1972-12-10 21:00:00";2.462;0
"1972-12-10 21:30:00";2.419;0
"1972-12-10 22:00:00";2.391;0
"1972-12-10 22:30:00";2.378;0
"1972-12-10 23:00:00";2.364;0
"1972-12-10 23:30:00";2.35;0
"1972-12-11 00:00:00";2.309;0
"1972-12-11 00:30:00";2.295;0
"1972-12-11 01:00:00";2.282;0
"1972-12-11 01:30:00";2.269;0
"1972-12-11 02:00:00";2.255;0.05
"1972-12-11 02:30:00";2.242;0.1
"1972-12-11 03:00:00";2.242;0.15
"1972-12-11 03:30:00";2.242;0.05
"1972-12-11 04:00:00";2.242;0.05
"1972-12-11 04:30:00";2.242;0.15
"1972-12-11 05:00:00";2.255;0.3
"1972-12-11 05:30:00";2.282;0
"1972-12-11 06:00:00";2.309;0.15
"1972-12-11 06:30:00";2.323;0
"1972-12-11 07:00:00";2.35;0
"1972-12-11 07:30:00";2.364;0
"1972-12-11 08:00:00";2.364;0
"1972-12-11 08:30:00";2.364;0
"1972-12-11 09:00:00";2.364;0
"1972-12-11 09:30:00";2.364;0.85
"1972-12-11 10:00:00";2.405;1.1
"1972-12-11 10:30:00";2.548;1.2
"1972-12-11 11:00:00";2.834;1.7
"1972-12-11 11:30:00";3.169;1.65
"1972-12-11 12:00:00";3.766;2
"1972-12-11 12:30:00";4.846;1.6
"1972-12-11 13:00:00";6.373;1.75
"1972-12-11 13:30:00";7.995;1.65
"1972-12-11 14:00:00";9.795;2
"1972-12-11 14:30:00";11.859;2.4
"1972-12-11 15:00:00";14.242;2.95
"1972-12-11 15:30:00";16.059;2
"1972-12-11 16:00:00";17.372;1.45
"1972-12-11 16:30:00";17.651;0.95
"1972-12-11 17:00:00";16.669;0.5
"1972-12-11 17:30:00";15.17;0.1
"1972-12-11 18:00:00";13.689;0
"1972-12-11 18:30:00";12.623;0
"1972-12-11 19:00:00";11.518;0
"1972-12-11 19:30:00";10.708;0.05
"1972-12-11 20:00:00";10.019;0
"1972-12-11 20:30:00";9.412;0
"1972-12-11 21:00:00";8.959;0
"1972-12-11 21:30:00";8.596;0
"1972-12-11 22:00:00";8.317;0
"1972-12-11 22:30:00";7.995;0
"1972-12-11 23:00:00";7.777;0
"1972-12-11 23:30:00";7.492;0
"1972-12-12 00:00:00";7.213;0
"1972-12-12 00:30:00";7.076;0
"1972-12-12 01:00:00";6.807;0
"1972-12-12 01:30:00";6.675;0
"1972-12-12 02:00:00";6.566;0
"1972-12-12 02:30:00";6.373;0
"1972-12-12 03:00:00";6.247;0
"1972-12-12 03:30:00";6.101;0
"1972-12-12 04:00:00";5.957;0
"1972-12-12 04:30:00";5.835;0
"1972-12-12 05:00:00";5.715;0
"1972-12-12 05:30:00";5.617;0
"1972-12-12 06:00:00";5.538;0
"1972-12-12 06:30:00";5.384;0
"1972-12-12 07:00:00";5.27;0
"1972-12-12 07:30:00";5.176;0
"1972-12-12 08:00:00";5.12;0
"1972-12-12 08:30:00";5.064;0
"1972-12-12 09:00:00";4.918;0
"1972-12-12 09:30:00";4.828;0
"1972-12-12 10:00:00";4.757;0
"1972-12-12 10:30:00";4.704;0
"1972-12-12 11:00:00";4.651;0
"1972-12-12 11:30:00";4.599;0
"1972-12-12 12:00:00";4.496;0
"1972-12-12 12:30:00";4.428;0.05
"1972-12-12 13:00:00";4.428;1.3
"1972-12-12 13:30:00";4.547;0.35
"1972-12-12 14:00:00";4.634;0.45
"1972-12-12 14:30:00";4.722;0.3
"1972-12-12 15:00:00";4.775;0.45
"1972-12-12 15:30:00";4.828;0.55
"1972-12-12 16:00:00";4.955;1
"1972-12-12 16:30:00";5.213;1.05
"1972-12-12 17:00:00";5.636;0.65
"1972-12-12 17:30:00";5.957;0.75
"1972-12-12 18:00:00";6.142;1
"1972-12-12 18:30:00";6.416;1.25
"1972-12-12 19:00:00";6.874;1.1
"1972-12-12 19:30:00";7.445;0.8
"1972-12-12 20:00:00";8.02;0.65
"1972-12-12 20:30:00";8.367;0.9
"1972-12-12 21:00:00";8.519;0.7
"1972-12-12 21:30:00";8.519;0.05
"1972-12-12 22:00:00";8.317;0
"1972-12-12 22:30:00";7.898;0
"1972-12-12 23:00:00";7.398;0
"1972-12-12 23:30:00";6.941;0
"1972-12-13 00:00:00";6.588;0
"1972-12-13 00:30:00";6.247;0
"1972-12-13 01:00:00";5.977;0
"1972-12-13 01:30:00";5.715;0
"1972-12-13 02:00:00";5.558;0
"1972-12-13 02:30:00";5.346;0
"1972-12-13 03:00:00";5.213;0
"1972-12-13 03:30:00";5.12;0
"1972-12-13 04:00:00";5.046;0
"1972-12-13 04:30:00";4.882;0
"1972-12-13 05:00:00";4.793;0
"1972-12-13 05:30:00";4.687;0
"1972-12-13 06:00:00";4.634;0
"1972-12-13 06:30:00";4.599;0
"1972-12-13 07:00:00";4.513;0
"1972-12-13 07:30:00";4.428;0
"1972-12-13 08:00:00";4.377;0
"1972-12-13 08:30:00";4.327;0
"1972-12-13 09:00:00";4.293;0
"1972-12-13 09:30:00";4.243;0
"1972-12-13 10:00:00";4.194;0
"1972-12-13 10:30:00";4.178;0
"1972-12-13 11:00:00";4.145;0
"1972-12-13 11:30:00";4.064;0
"1972-12-13 12:00:00";4.048;0.25
"1972-12-13 12:30:00";4.032;0.4
"1972-12-13 13:00:00";4.048;0.3
"1972-12-13 13:30:00";4.08;0.4
"1972-12-13 14:00:00";4.113;0.55
"1972-12-13 14:30:00";4.194;0.3
"1972-12-13 15:00:00";4.293;0.25
"1972-12-13 15:30:00";4.36;0.4
"1972-12-13 16:00:00";4.394;0.05
"1972-12-13 16:30:00";4.394;0.15
"1972-12-13 17:00:00";4.411;0.15
"1972-12-13 17:30:00";4.36;0.2
"1972-12-13 18:00:00";4.343;0.1
"1972-12-13 18:30:00";4.31;0.1
"1972-12-13 19:00:00";4.293;0.1
"1972-12-13 19:30:00";4.26;0
"1972-12-13 20:00:00";4.227;0
"1972-12-13 20:30:00";4.178;0
"1972-12-13 21:00:00";4.113;0
"1972-12-13 21:30:00";4.048;0
"1972-12-13 22:00:00";3.984;0
"1972-12-13 22:30:00";3.921;0.05
"1972-12-13 23:00:00";3.874;0
"1972-12-13 23:30:00";3.827;0
"1972-12-14 00:00:00";3.781;0
"1972-12-14 00:30:00";3.75;0
"1972-12-14 01:00:00";3.659;0
"1972-12-14 01:30:00";3.614;0
"1972-12-14 02:00:00";3.57;0
"1972-12-14 02:30:00";3.525;0
"1972-12-14 03:00:00";3.496;0
"1972-12-14 03:30:00";3.452;0
"1972-12-14 04:00:00";3.438;0
"1972-12-14 04:30:00";3.423;0
"1972-12-14 05:00:00";3.394;0
"1972-12-14 05:30:00";3.351;0
"1972-12-14 06:00:00";3.309;0
"1972-12-14 06:30:00";3.28;0
"1972-12-14 07:00:00";3.252;0
"1972-12-14 07:30:00";3.224;0
"1972-12-14 08:00:00";3.21;0
"1972-12-14 08:30:00";3.183;0
"1972-12-14 09:00:00";3.169;0
"1972-12-14 09:30:00";3.141;0.05
"1972-12-14 10:00:00";3.128;0
"1972-12-14 10:30:00";3.114;0
"1972-12-14 11:00:00";3.087;0
"1972-12-14 11:30:00";3.073;0
"1972-12-14 12:00:00";3.06;0
"1972-12-14 12:30:00";3.046;0
"1972-12-14 13:00:00";3.006;0
"1972-12-14 13:30:00";2.98;0
"1972-12-14 14:00:00";2.953;0
"1972-12-14 14:30:00";2.927;0
"1972-12-14 15:00:00";2.901;0
"1972-12-14 15:30:00";2.888;0
"1972-12-14 16:00:00";2.862;0
"1972-12-14 16:30:00";2.85;0
"1972-12-14 17:00:00";2.834;0
"1972-12-14 17:30:00";2.819;0
"1972-12-14 18:00:00";2.788;0
"1972-12-14 18:30:00";2.757;0
"1972-12-14 19:00:00";2.741;0
"1972-12-14 19:30:00";2.711;0
"1972-12-14 20:00:00";2.696;0
"1972-12-14 20:30:00";2.681;0
"1972-12-14 21:00:00";2.636;0
"1972-12-14 21:30:00";2.621;0
"1972-12-14 22:00:00";2.592;0
"1972-12-14 22:30:00";2.562;0
"1972-12-14 23:00:00";2.548;0
"1972-12-14 23:30:00";2.519;0
"1972-12-15 00:00:00";2.49;0
"1972-12-15 00:30:00";2.476;0
"1972-12-15 01:00:00";2.448;0
"1972-12-15 01:30:00";2.419;0
"1972-12-15 02:00:00";2.391;0
"1972-12-15 02:30:00";2.378;0
"1972-12-15 03:00:00";2.364;0
"1972-12-15 03:30:00";2.35;0
"1972-12-15 04:00:00";2.336;0
"1972-12-15 04:30:00";2.309;0
"1972-12-15 05:00:00";2.295;0
"1972-12-15 05:30:00";2.282;0
"1972-12-15 06:00:00";2.269;0
"1972-12-15 06:30:00";2.255;0
"1972-12-15 07:00:00";2.229;0
"1972-12-15 07:30:00";2.215;0
"1972-12-15 08:00:00";2.189;0
"1972-12-15 08:30:00";2.176;0
"1972-12-15 09:00:00";2.163;0
"1972-12-15 09:30:00";2.15;0
"1972-12-15 10:00:00";2.137;0
"1972-12-15 10:30:00";2.124;0
"1972-12-15 11:00:00";2.111;0
"1972-12-15 11:30:00";2.099;0
"1972-12-15 12:00:00";2.086;0
"1972-12-15 12:30:00";2.061;0
"1972-12-15 13:00:00";2.048;0
"1972-12-15 13:30:00";2.048;0
"1972-12-15 14:00:00";2.036;0
"1972-12-15 14:30:00";2.023;0
"1972-12-15 15:00:00";2.023;0
"1972-12-15 15:30:00";2.011;0
"1972-12-15 16:00:00";1.999;0
"1972-12-15 16:30:00";1.974;0
"1972-12-15 17:00:00";1.95;0
"1972-12-15 17:30:00";1.938;0
"1972-12-15 18:00:00";1.914;0
"1972-12-15 18:30:00";1.902;0
"1972-12-15 19:00:00";1.89;0
"1972-12-15 19:30:00";1.878;0.04
"1972-12-15 20:00:00";1.867;0.04
"1972-12-15 20:30:00";1.867;0
"1972-12-15 21:00:00";1.855;0
"1972-12-15 21:30:00";1.843;0
"1972-12-15 22:00:00";1.832;0
"1972-12-15 22:30:00";1.82;0
"1972-12-15 23:00:00";1.809;0
"1972-12-15 23:30:00";1.797;0
"1972-12-16 00:00:00";1.786;0
"1972-12-16 00:30:00";1.774;0
"1972-12-16 01:00:00";1.763;0
"1972-12-16 01:30:00";1.752;0
"1972-12-16 02:00:00";1.741;0
"1972-12-16 02:30:00";1.741;0
"1972-12-16 03:00:00";1.73;0
"1972-12-16 03:30:00";1.73;0
"1972-12-16 04:00:00";1.718;0
"1972-12-16 04:30:00";1.707;0
"1972-12-16 05:00:00";1.685;0
"1972-12-16 05:30:00";1.674;0
"1972-12-16 06:00:00";1.664;0
"1972-12-16 06:30:00";1.653;0
"1972-12-16 07:00:00";1.642;0.08
"1972-12-16 07:30:00";1.642;0
"1972-12-16 08:00:00";1.631;0.12
"1972-12-16 08:30:00";1.631;0.08
"1972-12-16 09:00:00";1.621;0.4
"1972-12-16 09:30:00";1.621;0.24
"1972-12-16 10:00:00";1.621;0.16
"1972-12-16 10:30:00";1.621;0
"1972-12-16 11:00:00";1.631;0
"1972-12-16 11:30:00";1.631;0.04
"1972-12-16 12:00:00";1.631;0.08
"1972-12-16 12:30:00";1.621;0.16
"1972-12-16 13:00:00";1.61;0.2
"1972-12-16 13:30:00";1.61;0.04
"1972-12-16 14:00:00";1.599;0
"1972-12-16 14:30:00";1.599;0
"1972-12-16 15:00:00";1.589;0
"1972-12-16 15:30:00";1.589;0
"1972-12-16 16:00:00";1.578;0
"1972-12-16 16:30:00";1.558;0
"1972-12-16 17:00:00";1.547;0
"1972-12-16 17:30:00";1.537;0.04
"1972-12-16 18:00:00";1.527;0
"1972-12-16 18:30:00";1.517;0
"1972-12-16 19:00:00";1.517;0
"1972-12-16 19:30:00";1.506;0
"1972-12-16 20:00:00";1.496;0
"1972-12-16 20:30:00";1.486;0
"1972-12-16 21:00:00";1.476;0
"1972-12-16 21:30:00";1.476;0
"1972-12-16 22:00:00";1.466;0
"1972-12-16 22:30:00";1.466;0
"1972-12-16 23:00:00";1.456;0
"1972-12-16 23:30:00";1.447;0
"1972-12-17 00:00:00";1.437;0.04
"1972-12-17 00:30:00";1.417;0
"1972-12-17 01:00:00";1.408;0
"1972-12-17 01:30:00";1.408;0
"1972-12-17 02:00:00";1.398;0
"1972-12-17 02:30:00";1.398;0
"1972-12-17 03:00:00";1.388;0
"1972-12-17 03:30:00";1.379;0
"1972-12-17 04:00:00";1.369;0
"1972-12-17 04:30:00";1.36;0
"1972-12-17 05:00:00";1.35;0
"1972-12-17 05:30:00";1.35;0
"1972-12-17 06:00:00";1.341;0
"1972-12-17 06:30:00";1.332;0
"1972-12-17 07:00:00";1.332;0
"1972-12-17 07:30:00";1.322;0
"1972-12-17 08:00:00";1.313;0
"1972-12-17 08:30:00";1.304;0
"1972-12-17 09:00:00";1.304;0
"1972-12-17 09:30:00";1.295;0
"1972-12-17 10:00:00";1.286;0
"1972-12-17 10:30:00";1.286;0
"1972-12-17 11:00:00";1.277;0.04
"1972-12-17 11:30:00";1.277;0
"1972-12-17 12:00:00";1.268;0
"1972-12-17 12:30:00";1.268;0
"1972-12-17 13:00:00";1.259;0
"1972-12-17 13:30:00";1.259;0
"1972-12-17 14:00:00";1.25;0
"1972-12-17 14:30:00";1.25;0
"1972-12-17 15:00:00";1.241;0
"1972-12-17 15:30:00";1.232;0
"1972-12-17 16:00:00";1.232;0
"1972-12-17 16:30:00";1.223;0
"1972-12-17 17:00:00";1.223;0
"1972-12-17 17:30:00";1.215;0
"1972-12-17 18:00:00";1.215;0
"1972-12-17 18:30:00";1.206;0
"1972-12-17 19:00:00";1.189;0
"1972-12-17 19:30:00";1.18;0
"1972-12-17 20:00:00";1.171;0
"1972-12-17 20:30:00";1.163;0
"1972-12-17 21:00:00";1.155;0
"1972-12-17 21:30:00";1.155;0
"1972-12-17 22:00:00";1.146;0
"1972-12-17 22:30:00";1.138;0
"1972-12-17 23:00:00";1.138;0
"1972-12-17 23:30:00";1.129;0
"1972-12-18 00:00:00";1.129;0
"1972-12-18 00:30:00";1.121;0
"1972-12-18 01:00:00";1.121;0
"1972-12-18 01:30:00";1.113;0
"1972-12-18 02:00:00";1.105;0
"1972-12-18 02:30:00";1.105;0
"1972-12-18 03:00:00";1.097;0
"1972-12-18 03:30:00";1.097;0
"1972-12-18 04:00:00";1.088;0
"1972-12-18 04:30:00";1.088;0
"1972-12-18 05:00:00";1.08;0
"1972-12-18 05:30:00";1.072;0
"1972-12-18 06:00:00";1.072;0
"1972-12-18 06:30:00";1.064;0
"1972-12-18 07:00:00";1.056;0
"1972-12-18 07:30:00";1.048;0
"1972-12-18 08:00:00";1.041;0
"1972-12-18 08:30:00";1.041;0
"1972-12-18 09:00:00";1.041;0
"1972-12-18 09:30:00";1.033;0
"1972-12-18 10:00:00";1.033;0
"1972-12-18 10:30:00";1.033;0
"1972-12-18 11:00:00";1.025;0
"1972-12-18 11:30:00";1.025;0
"1972-12-18 12:00:00";1.025;0
"1972-12-18 12:30:00";1.017;0
"1972-12-18 13:00:00";1.017;0
"1972-12-18 13:30:00";1.017;0
"1972-12-18 14:00:00";1.01;0
"1972-12-18 14:30:00";1.01;0
"1972-12-18 15:00:00";1.002;0
"1972-12-18 15:30:00";1.002;0
"1972-12-18 16:00:00";1.002;0
"1972-12-18 16:30:00";0.994;0
"1972-12-18 17:00:00";0.979;0
"1972-12-18 17:30:00";0.972;0
"1972-12-18 18:00:00";0.972;0
"1972-12-18 18:30:00";0.964;0
"1972-12-18 19:00:00";0.964;0
"1972-12-18 19:30:00";0.964;0
"1972-12-18 20:00:00";0.957;0
"1972-12-18 20:30:00";0.957;0
"1972-12-18 21:00:00";0.949;0
"1972-12-18 21:30:00";0.949;0
"1972-12-18 22:00:00";0.95;0
"1972-12-18 22:30:00";0.94;0
"1972-12-18 23:00:00";0.94;0
"1972-12-18 23:30:00";0.94;0
"1972-12-19 00:00:00";0.935;0
"1972-12-19 00:30:00";0.927;0
"1972-12-19 01:00:00";0.927;0
"1972-12-19 01:30:00";0.927;0
"1972-12-19 02:00:00";0.92;0
"1972-12-19 02:30:00";0.92;0
"1972-12-19 03:00:00";0.913;0
"1972-12-19 03:30:00";0.913;0
"1972-12-19 04:00:00";0.906;0
"1972-12-19 04:30:00";0.906;0
"1972-12-19 05:00:00";0.906;0
"1972-12-19 05:30:00";0.899;0
"1972-12-19 06:00:00";0.892;0
"1972-12-19 06:30:00";0.892;0
"1972-12-19 07:00:00";0.885;0
"1972-12-19 07:30:00";0.885;0
"1972-12-19 08:00:00";0.885;0
"1972-12-19 08:30:00";0.878;0
"1972-12-19 09:00:00";0.878;0
"1972-12-19 09:30:00";0.878;0
"1972-12-19 10:00:00";0.871;0
"1972-12-19 10:30:00";0.871;0
"1972-12-19 11:00:00";0.864;0
"1972-12-19 11:30:00";0.864;0
"1972-12-19 12:00:00";0.864;0
"1972-12-19 12:30:00";0.857;0
"1972-12-19 13:00:00";0.857;0
"1972-12-19 13:30:00";0.857;0
"1972-12-19 14:00:00";0.857;0
"1972-12-19 14:30:00";0.857;0
"1972-12-19 15:00:00";0.85;0
"1972-12-19 15:30:00";0.85;0
"1972-12-19 16:00:00";0.85;0
"1972-12-19 16:30:00";0.85;0
"1972-12-19 17:00:00";0.843;0
"1972-12-19 17:30:00";0.843;0
"1972-12-19 18:00:00";0.843;0
"1972-12-19 18:30:00";0.843;0
"1972-12-19 19:00:00";0.843;0
"1972-12-19 19:30:00";0.836;0
"1972-12-19 20:00:00";0.836;0
"1972-12-19 20:30:00";0.836;0
"1972-12-19 21:00:00";0.836;0
"1972-12-19 21:30:00";0.83;0
"1972-12-19 22:00:00";0.83;0
"1972-12-19 22:30:00";0.83;0
"1972-12-19 23:00:00";0.83;0
"1972-12-19 23:30:00";0.823;0
"1972-12-20 00:00:00";0.823;0
"1972-12-20 00:30:00";0.823;0
"1972-12-20 01:00:00";0.823;0
"1972-12-20 01:30:00";0.816;0
"1972-12-20 02:00:00";0.816;0
"1972-12-20 02:30:00";0.816;0
"1972-12-20 03:00:00";0.816;0
"1972-12-20 03:30:00";0.81;0.04
"1972-12-20 04:00:00";0.81;0.04
"1972-12-20 04:30:00";0.81;0
"1972-12-20 05:00:00";0.81;0
"1972-12-20 05:30:00";0.81;0
"1972-12-20 06:00:00";0.81;0
"1972-12-20 06:30:00";0.803;0
"1972-12-20 07:00:00";0.803;0
"1972-12-20 07:30:00";0.803;0
"1972-12-20 08:00:00";0.803;0
"1972-12-20 08:30:00";0.803;0
"1972-12-20 09:00:00";0.797;0
"1972-12-20 09:30:00";0.797;0
"1972-12-20 10:00:00";0.797;0
"1972-12-20 10:30:00";0.79;0
"1972-12-20 11:00:00";0.79;0
"1972-12-20 11:30:00";0.79;0
"1972-12-20 12:00:00";0.79;0
"1972-12-20 12:30:00";0.784;0
"1972-12-20 13:00:00";0.784;0
"1972-12-20 13:30:00";0.784;0
"1972-12-20 14:00:00";0.777;0
"1972-12-20 14:30:00";0.777;0
"1972-12-20 15:00:00";0.777;0
"1972-12-20 15:30:00";0.777;0
"1972-12-20 16:00:00";0.771;0
"1972-12-20 16:30:00";0.771;0
"1972-12-20 17:00:00";0.771;0
"1972-12-20 17:30:00";0.771;0
"1972-12-20 18:00:00";0.764;0
"1972-12-20 18:30:00";0.764;0
"1972-12-20 19:00:00";0.764;0
"1972-12-20 19:30:00";0.764;0
"1972-12-20 20:00:00";0.758;0
"1972-12-20 20:30:00";0.758;0
"1972-12-20 21:00:00";0.758;0
"1972-12-20 21:30:00";0.758;0
"1972-12-20 22:00:00";0.758;0
"1972-12-20 22:30:00";0.752;0
"1972-12-20 23:00:00";0.752;0
"1972-12-20 23:30:00";0.752;0
"1972-12-21 00:00:00";0.752;0
"1972-12-21 00:30:00";0.745;0
"1972-12-21 01:00:00";0.745;0
"1972-12-21 01:30:00";0.745;0
"1972-12-21 02:00:00";0.745;0
"1972-12-21 02:30:00";0.739;0.08
"1972-12-21 03:00:00";0.739;0
"1972-12-21 03:30:00";0.739;0.04
"1972-12-21 04:00:00";0.739;0
"1972-12-21 04:30:00";0.739;0
"1972-12-21 05:00:00";0.739;0
"1972-12-21 05:30:00";0.739;0
"1972-12-21 06:00:00";0.739;0
"1972-12-21 06:30:00";0.733;0
"1972-12-21 07:00:00";0.733;0
"1972-12-21 07:30:00";0.733;0
"1972-12-21 08:00:00";0.733;0
"1972-12-21 08:30:00";0.733;0
"1972-12-21 09:00:00";0.733;0
"1972-12-21 09:30:00";0.727;0
"1972-12-21 10:00:00";0.727;0
"1972-12-21 10:30:00";0.727;0
"1972-12-21 11:00:00";0.721;0
"1972-12-21 11:30:00";0.721;0
"1972-12-21 12:00:00";0.721;0
"1972-12-21 12:30:00";0.721;0
"1972-12-21 13:00:00";0.721;0
"1972-12-21 13:30:00";0.715;0.04
"1972-12-21 14:00:00";0.715;0
"1972-12-21 14:30:00";0.715;0
"1972-12-21 15:00:00";0.715;0
"1972-12-21 15:30:00";0.709;0
"1972-12-21 16:00:00";0.709;0
"1972-12-21 16:30:00";0.709;0
"1972-12-21 17:00:00";0.709;0
"1972-12-21 17:30:00";0.703;0
"1972-12-21 18:00:00";0.703;0
"1972-12-21 18:30:00";0.703;0
"1972-12-21 19:00:00";0.703;0
"1972-12-21 19:30:00";0.703;0
"1972-12-21 20:00:00";0.697;0
"1972-12-21 20:30:00";0.697;0
"1972-12-21 21:00:00";0.697;0
"1972-12-21 21:30:00";0.697;0
"1972-12-21 22:00:00";0.691;0
"1972-12-21 22:30:00";0.691;0
"1972-12-21 23:00:00";0.691;0
"1972-12-21 23:30:00";0.691;0
"1972-12-22 00:00:00";0.691;0
"1972-12-22 00:30:00";0.691;0
"1972-12-22 01:00:00";0.685;0
"1972-12-22 01:30:00";0.685;0
"1972-12-22 02:00:00";0.685;0
"1972-12-22 02:30:00";0.685;0
"1972-12-22 03:00:00";0.685;0
"1972-12-22 03:30:00";0.679;0
"1972-12-22 04:00:00";0.679;0
"1972-12-22 04:30:00";0.673;0
"1972-12-22 05:00:00";0.673;0
"1972-12-22 05:30:00";0.673;0
"1972-12-22 06:00:00";0.667;0
"1972-12-22 06:30:00";0.662;0
"1972-12-22 07:00:00";0.662;0
"1972-12-22 07:30:00";0.656;0
"1972-12-22 08:00:00";0.656;0
"1972-12-22 08:30:00";0.656;0
"1972-12-22 09:00:00";0.656;0
"1972-12-22 09:30:00";0.65;0
"1972-12-22 10:00:00";0.65;0
"1972-12-22 10:30:00";0.65;0
"1972-12-22 11:00:00";0.644;0
"1972-12-22 11:30:00";0.644;0
"1972-12-22 12:00:00";0.644;0
"1972-12-22 12:30:00";0.639;0
"1972-12-22 13:00:00";0.639;0
"1972-12-22 13:30:00";0.639;0
"1972-12-22 14:00:00";0.639;0
"1972-12-22 14:30:00";0.633;0
"1972-12-22 15:00:00";0.633;0
"1972-12-22 15:30:00";0.633;0
"1972-12-22 16:00:00";0.633;0
"1972-12-22 16:30:00";0.628;0
"1972-12-22 17:00:00";0.628;0
"1972-12-22 17:30:00";0.628;0
"1972-12-22 18:00:00";0.628;0
"1972-12-22 18:30:00";0.622;0
"1972-12-22 19:00:00";0.622;0
"1972-12-22 19:30:00";0.622;0
"1972-12-22 20:00:00";0.622;0
"1972-12-22 20:30:00";0.617;0
"1972-12-22 21:00:00";0.617;0
"1972-12-22 21:30:00";0.617;0
"1972-12-22 22:00:00";0.617;0
"1972-12-22 22:30:00";0.611;0
"1972-12-22 23:00:00";0.611;0
"1972-12-22 23:30:00";0.611;0
"1972-12-23 00:00:00";0.611;0
"1972-12-23 00:30:00";0.611;0
"1972-12-23 01:00:00";0.606;0
"1972-12-23 01:30:00";0.606;0
"1972-12-23 02:00:00";0.606;0
"1972-12-23 02:30:00";0.606;0
"1972-12-23 03:00:00";0.6;0
"1972-12-23 03:30:00";0.6;0
"1972-12-23 04:00:00";0.6;0
"1972-12-23 04:30:00";0.6;0
"1972-12-23 05:00:00";0.595;0
"1972-12-23 05:30:00";0.595;0
"1972-12-23 06:00:00";0.595;0
"1972-12-23 06:30:00";0.595;0
"1972-12-23 07:00:00";0.595;0
"1972-12-23 07:30:00";0.595;0.32
"1972-12-23 08:00:00";0.595;0.12
"1972-12-23 08:30:00";0.595;0.16
"1972-12-23 09:00:00";0.595;0.32
"1972-12-23 09:30:00";0.6;0.24
"1972-12-23 10:00:00";0.606;0.64
"1972-12-23 10:30:00";0.611;0.36
"1972-12-23 11:00:00";0.617;0.12
"1972-12-23 11:30:00";0.628;0
"1972-12-23 12:00:00";0.644;0
"1972-12-23 12:30:00";0.656;0
"1972-12-23 13:00:00";0.662;0
"1972-12-23 13:30:00";0.667;0
"1972-12-23 14:00:00";0.667;0
"1972-12-23 14:30:00";0.667;0
"1972-12-23 15:00:00";0.662;0
"1972-12-23 15:30:00";0.65;0
"1972-12-23 16:00:00";0.644;0
"1972-12-23 16:30:00";0.639;0
"1972-12-23 17:00:00";0.633;0
"1972-12-23 17:30:00";0.622;0
"1972-12-23 18:00:00";0.617;0
"1972-12-23 18:30:00";0.611;0
"1972-12-23 19:00:00";0.611;0
"1972-12-23 19:30:00";0.606;0
"1972-12-23 20:00:00";0.6;0
"1972-12-23 20:30:00";0.6;0
"1972-12-23 21:00:00";0.595;0
"1972-12-23 21:30:00";0.595;0
"1972-12-23 22:00:00";0.59;0
"1972-12-23 22:30:00";0.59;0
"1972-12-23 23:00:00";0.584;0
"1972-12-23 23:30:00";0.584;0
"1972-12-24 00:00:00";0.584;0
"1972-12-24 00:30:00";0.579;0
"1972-12-24 01:00:00";0.579;0
"1972-12-24 01:30:00";0.579;0
"1972-12-24 02:00:00";0.574;0
"1972-12-24 02:30:00";0.574;0
"1972-12-24 03:00:00";0.574;0
"1972-12-24 03:30:00";0.574;0
"1972-12-24 04:00:00";0.574;0
"1972-12-24 04:30:00";0.569;0.04
"1972-12-24 05:00:00";0.569;0
"1972-12-24 05:30:00";0.569;0.04
"1972-12-24 06:00:00";0.569;0.04
"1972-12-24 06:30:00";0.569;0.12
"1972-12-24 07:00:00";0.569;0.04
"1972-12-24 07:30:00";0.569;0
"1972-12-24 08:00:00";0.569;0.04
"1972-12-24 08:30:00";0.569;0.08
"1972-12-24 09:00:00";0.569;0.04
"1972-12-24 09:30:00";0.569;0
"1972-12-24 10:00:00";0.569;0
"1972-12-24 10:30:00";0.569;0
"1972-12-24 11:00:00";0.569;0
"1972-12-24 11:30:00";0.569;0
"1972-12-24 12:00:00";0.569;0
"1972-12-24 12:30:00";0.569;0
"1972-12-24 13:00:00";0.569;0
"1972-12-24 13:30:00";0.569;0
"1972-12-24 14:00:00";0.569;0
"1972-12-24 14:30:00";0.569;0
"1972-12-24 15:00:00";0.569;0
"1972-12-24 15:30:00";0.569;0
"1972-12-24 16:00:00";0.564;0
"1972-12-24 16:30:00";0.564;0
"1972-12-24 17:00:00";0.564;0
"1972-12-24 17:30:00";0.564;0
"1972-12-24 18:00:00";0.558;0
"1972-12-24 18:30:00";0.558;0
"1972-12-24 19:00:00";0.558;0.04
"1972-12-24 19:30:00";0.558;0.12
"1972-12-24 20:00:00";0.558;0.04
"1972-12-24 20:30:00";0.558;0.04
"1972-12-24 21:00:00";0.558;0
"1972-12-24 21:30:00";0.558;0
"1972-12-24 22:00:00";0.558;0.2
"1972-12-24 22:30:00";0.558;0.2
"1972-12-24 23:00:00";;0.16
"1972-12-24 23:30:00";0.558;0.08
"1972-12-25 00:00:00";0.558;0.08
"1972-12-25 00:30:00";0.564;0.04
"1972-12-25 01:00:00";0.564;0
"1972-12-25 01:30:00";0.564;0
"1972-12-25 02:00:00";0.564;0
"1972-12-25 02:30:00";0.564;0
"1972-12-25 03:00:00";0.564;0
"1972-12-25 03:30:00";0.564;0
"1972-12-25 04:00:00";0.564;0
"1972-12-25 04:30:00";0.564;0
"1972-12-25 05:00:00";0.564;0
"1972-12-25 05:30:00";0.564;0
"1972-12-25 06:00:00";0.564;0
"1972-12-25 06:30:00";0.558;0
"1972-12-25 07:00:00";0.558;0
"1972-12-25 07:30:00";0.558;0
"1972-12-25 08:00:00";0.558;0
"1972-12-25 08:30:00";0.558;0
"1972-12-25 09:00:00";0.553;0
"1972-12-25 09:30:00";0.553;0
"1972-12-25 10:00:00";0.553;0
"1972-12-25 10:30:00";0.553;0
"1972-12-25 11:00:00";0.553;0
"1972-12-25 11:30:00";0.553;0
"1972-12-25 12:00:00";0.548;0
"1972-12-25 12:30:00";0.548;0
"1972-12-25 13:00:00";0.548;0
"1972-12-25 13:30:00";0.548;0
"1972-12-25 14:00:00";0.543;0
"1972-12-25 14:30:00";0.543;0
"1972-12-25 15:00:00";0.538;0
"1972-12-25 15:30:00";0.538;0
"1972-12-25 16:00:00";0.538;0
"1972-12-25 16:30:00";0.533;0
"1972-12-25 17:00:00";0.533;0
"1972-12-25 17:30:00";0.533;0
"1972-12-25 18:00:00";0.528;0
"1972-12-25 18:30:00";0.528;0
"1972-12-25 19:00:00";0.528;0
"1972-12-25 19:30:00";0.528;0.2
"1972-12-25 20:00:00";0.528;0.24
"1972-12-25 20:30:00";0.528;0
"1972-12-25 21:00:00";0.528;0
"1972-12-25 21:30:00";0.528;0
"1972-12-25 22:00:00";0.528;0
"1972-12-25 22:30:00";0.528;0
"1972-12-25 23:00:00";0.528;0
"1972-12-25 23:30:00";0.528;0
"1972-12-26 00:00:00";0.528;0.04
"1972-12-26 00:30:00";0.528;0.2
"1972-12-26 01:00:00";0.528;0.04
"1972-12-26 01:30:00";0.528;0.08
"1972-12-26 02:00:00";0.528;0
"1972-12-26 02:30:00";0.528;0
"1972-12-26 03:00:00";0.528;0
"1972-12-26 03:30:00";0.523;0
"1972-12-26 04:00:00";0.523;0
"1972-12-26 04:30:00";0.523;0
"1972-12-26 05:00:00";0.523;0
"1972-12-26 05:30:00";0.518;0
"1972-12-26 06:00:00";0.518;0
"1972-12-26 06:30:00";0.518;0
"1972-12-26 07:00:00";0.514;0
"1972-12-26 07:30:00";0.514;0
"1972-12-26 08:00:00";0.514;0
"1972-12-26 08:30:00";0.514;0
"1972-12-26 09:00:00";0.509;0
"1972-12-26 09:30:00";0.509;0
"1972-12-26 10:00:00";0.509;0
"1972-12-26 10:30:00";0.509;0
"1972-12-26 11:00:00";0.509;0.08
"1972-12-26 11:30:00";0.509;0.08
"1972-12-26 12:00:00";0.509;0.04
"1972-12-26 12:30:00";0.504;0.04
"1972-12-26 13:00:00";0.504;0
"1972-12-26 13:30:00";0.504;0
"1972-12-26 14:00:00";0.504;0.24
"1972-12-26 14:30:00";0.504;0.24
"1972-12-26 15:00:00";0.504;0.04
"1972-12-26 15:30:00";0.504;0
"1972-12-26 16:00:00";0.504;0.24
"1972-12-26 16:30:00";0.509;0.6
"1972-12-26 17:00:00";0.518;0.48
"1972-12-26 17:30:00";0.528;0.48
"1972-12-26 18:00:00";0.538;0.36
"1972-12-26 18:30:00";0.558;0.16
"1972-12-26 19:00:00";0.579;0.2
"1972-12-26 19:30:00";0.6;0
"1972-12-26 20:00:00";0.617;0
"1972-12-26 20:30:00";0.628;0
"1972-12-26 21:00:00";0.639;0
"1972-12-26 21:30:00";0.65;0
"1972-12-26 22:00:00";0.65;0
"1972-12-26 22:30:00";0.65;0
"1972-12-26 23:00:00";0.639;0
"1972-12-26 23:30:00";0.633;0
"1972-12-27 00:00:00";0.622;0
"1972-12-27 00:30:00";0.617;0
"1972-12-27 01:00:00";0.611;0
"1972-12-27 01:30:00";0.6;0
"1972-12-27 02:00:00";0.595;0
"1972-12-27 02:30:00";0.59;0
"1972-12-27 03:00:00";0.584;0
"1972-12-27 03:30:00";0.584;0.04
"1972-12-27 04:00:00";0.579;0
"1972-12-27 04:30:00";0.574;0
"1972-12-27 05:00:00";0.569;0
"1972-12-27 05:30:00";0.569;0
"1972-12-27 06:00:00";0.569;0
"1972-12-27 06:30:00";0.564;0
"1972-12-27 07:00:00";0.564;0.08
"1972-12-27 07:30:00";0.564;0.76
"1972-12-27 08:00:00";0.574;1.12
"1972-12-27 08:30:00";0.584;0.24
"1972-12-27 09:00:00";0.6;0.04
"1972-12-27 09:30:00";0.622;0
"1972-12-27 10:00:00";0.639;0
"1972-12-27 10:30:00";0.65;0.08
"1972-12-27 11:00:00";0.65;0.04
"1972-12-27 11:30:00";0.656;0
"1972-12-27 12:00:00";0.656;0
"1972-12-27 12:30:00";0.656;0.04
"1972-12-27 13:00:00";0.656;0.04
"1972-12-27 13:30:00";0.65;0.16
"1972-12-27 14:00:00";0.644;0.16
"1972-12-27 14:30:00";0.639;0
"1972-12-27 15:00:00";0.639;0.08
"1972-12-27 15:30:00";0.639;0
"1972-12-27 16:00:00";0.633;0.04
"1972-12-27 16:30:00";0.633;0
"1972-12-27 17:00:00";0.628;0
"1972-12-27 17:30:00";0.628;0.04
"1972-12-27 18:00:00";0.628;0.08
"1972-12-27 18:30:00";0.622;0.04
"1972-12-27 19:00:00";0.622;0.04
"1972-12-27 19:30:00";0.617;0
"1972-12-27 20:00:00";0.617;0.04
"1972-12-27 20:30:00";0.617;0.64
"1972-12-27 21:00:00";0.622;0.92
"1972-12-27 21:30:00";0.628;0.24
"1972-12-27 22:00:00";0.639;0.08
"1972-12-27 22:30:00";0.656;0.08
"1972-12-27 23:00:00";0.673;0.08
"1972-12-27 23:30:00";0.691;0.04
"1972-12-28 00:00:00";0.703;0.16
"1972-12-28 00:30:00";0.715;0.04
"1972-12-28 01:00:00";0.721;0.08
"1972-12-28 01:30:00";0.727;0
"1972-12-28 02:00:00";0.727;0
"1972-12-28 02:30:00";0.727;0
"1972-12-28 03:00:00";0.727;0
"1972-12-28 03:30:00";0.721;0.04
"1972-12-28 04:00:00";0.721;0.04
"1972-12-28 04:30:00";0.715;0.04
"1972-12-28 05:00:00";0.709;0
"1972-12-28 05:30:00";0.703;0
"1972-12-28 06:00:00";0.697;0
"1972-12-28 06:30:00";0.697;0
"1972-12-28 07:00:00";0.691;0
"1972-12-28 07:30:00";0.691;0
"1972-12-28 08:00:00";0.679;0
"1972-12-28 08:30:00";0.673;0
"1972-12-28 09:00:00";0.673;0
"1972-12-28 09:30:00";0.662;0
"1972-12-28 10:00:00";0.656;0
"1972-12-28 10:30:00";0.65;0
"1972-12-28 11:00:00";0.644;0
"1972-12-28 11:30:00";0.639;0
"1972-12-28 12:00:00";0.639;0.04
"1972-12-28 12:30:00";0.633;0
"1972-12-28 13:00:00";0.628;0
"1972-12-28 13:30:00";0.622;0
"1972-12-28 14:00:00";0.622;0
"1972-12-28 14:30:00";0.617;0
"1972-12-28 15:00:00";0.611;0
"1972-12-28 15:30:00";0.611;0
"1972-12-28 16:00:00";0.606;0
"1972-12-28 16:30:00";0.606;0
"1972-12-28 17:00:00";0.6;0
"1972-12-28 17:30:00";0.6;0
"1972-12-28 18:00:00";0.595;0
"1972-12-28 18:30:00";0.595;0
"1972-12-28 19:00:00";0.59;0
"1972-12-28 19:30:00";0.59;0
"1972-12-28 20:00:00";0.59;0
"1972-12-28 20:30:00";0.584;0.08
"1972-12-28 21:00:00";0.584;0.04
"1972-12-28 21:30:00";0.584;0
"1972-12-28 22:00:00";0.579;0
"1972-12-28 22:30:00";0.579;0
"1972-12-28 23:00:00";0.574;0
"1972-12-28 23:30:00";0.574;0
"1972-12-29 00:00:00";0.574;0
"1972-12-29 00:30:00";0.574;0
"1972-12-29 01:00:00";0.569;0
"1972-12-29 01:30:00";0.569;0
"1972-12-29 02:00:00";0.569;0
"1972-12-29 02:30:00";0.564;0
"1972-12-29 03:00:00";0.564;0
"1972-12-29 03:30:00";0.564;0
"1972-12-29 04:00:00";0.558;0
"1972-12-29 04:30:00";0.558;0
"1972-12-29 05:00:00";0.558;0
"1972-12-29 05:30:00";0.558;0
"1972-12-29 06:00:00";0.558;0
"1972-12-29 06:30:00";0.558;0
"1972-12-29 07:00:00";0.558;0
"1972-12-29 07:30:00";0.558;0
"1972-12-29 08:00:00";0.553;0
"1972-12-29 08:30:00";0.553;0
"1972-12-29 09:00:00";0.553;0
"1972-12-29 09:30:00";0.553;0
"1972-12-29 10:00:00";0.553;0
"1972-12-29 10:30:00";0.553;0
"1972-12-29 11:00:00";0.553;0
"1972-12-29 11:30:00";0.553;0
"1972-12-29 12:00:00";0.548;0
"1972-12-29 12:30:00";0.548;0
"1972-12-29 13:00:00";0.548;0
"1972-12-29 13:30:00";0.548;0
"1972-12-29 14:00:00";0.548;0
"1972-12-29 14:30:00";0.548;0
"1972-12-29 15:00:00";0.543;0
"1972-12-29 15:30:00";0.543;0
"1972-12-29 16:00:00";0.543;0
"1972-12-29 16:30:00";0.543;0
"1972-12-29 17:00:00";0.538;0
"1972-12-29 17:30:00";0.538;0
"1972-12-29 18:00:00";0.538;0
"1972-12-29 18:30:00";0.538;0
"1972-12-29 19:00:00";0.538;0
"1972-12-29 19:30:00";0.538;0
"1972-12-29 20:00:00";0.533;0
"1972-12-29 20:30:00";0.533;0
"1972-12-29 21:00:00";0.533;0.03
"1972-12-29 21:30:00";0.533;0
"1972-12-29 22:00:00";0.533;0
"1972-12-29 22:30:00";0.533;0
"1972-12-29 23:00:00";0.533;0
"1972-12-29 23:30:00";0.533;0.03
"1972-12-30 00:00:00";0.528;0
"1972-12-30 00:30:00";0.528;0
"1972-12-30 01:00:00";0.528;0
"1972-12-30 01:30:00";0.528;0
"1972-12-30 02:00:00";0.528;0
"1972-12-30 02:30:00";0.528;0
"1972-12-30 03:00:00";0.528;0
"1972-12-30 03:30:00";0.528;0
"1972-12-30 04:00:00";0.528;0
"1972-12-30 04:30:00";0.523;0
"1972-12-30 05:00:00";0.523;0
"1972-12-30 05:30:00";0.523;0
"1972-12-30 06:00:00";0.523;0
"1972-12-30 06:30:00";0.523;0
"1972-12-30 07:00:00";0.523;0
"1972-12-30 07:30:00";0.523;0.03
"1972-12-30 08:00:00";0.523;0
"1972-12-30 08:30:00";0.523;0
"1972-12-30 09:00:00";0.518;0
"1972-12-30 09:30:00";0.518;0
"1972-12-30 10:00:00";0.518;0
"1972-12-30 10:30:00";0.518;0
"1972-12-30 11:00:00";0.518;0
"1972-12-30 11:30:00";0.518;0
"1972-12-30 12:00:00";0.518;0
"1972-12-30 12:30:00";0.518;0
"1972-12-30 13:00:00";0.518;0
"1972-12-30 13:30:00";0.514;0.03
"1972-12-30 14:00:00";0.514;0
"1972-12-30 14:30:00";0.514;0
"1972-12-30 15:00:00";0.514;0.03
"1972-12-30 15:30:00";0.514;0
"1972-12-30 16:00:00";0.514;0
"1972-12-30 16:30:00";0.514;0
"1972-12-30 17:00:00";0.514;0
"1972-12-30 17:30:00";0.514;0
"1972-12-30 18:00:00";0.514;0
"1972-12-30 18:30:00";0.514;0
"1972-12-30 19:00:00";0.509;0
"1972-12-30 19:30:00";0.509;0
"1972-12-30 20:00:00";0.509;0
"1972-12-30 20:30:00";0.509;0.03
"1972-12-30 21:00:00";0.509;0.03
"1972-12-30 21:30:00";0.509;0
"1972-12-30 22:00:00";0.509;0
"1972-12-30 22:30:00";0.509;0
"1972-12-30 23:00:00";0.509;0
"1972-12-30 23:30:00";0.509;0
"1972-12-31 00:00:00";0.509;0
"1972-12-31 00:30:00";0.509;0.03
"1972-12-31 01:00:00";0.509;0
"1972-12-31 01:30:00";0.509;0
"1972-12-31 02:00:00";0.509;0
"1972-12-31 02:30:00";0.504;0
"1972-12-31 03:00:00";0.504;0
"1972-12-31 03:30:00";0.504;0
"1972-12-31 04:00:00";0.504;0
"1972-12-31 04:30:00";0.504;0
"1972-12-31 05:00:00";0.504;0
"1972-12-31 05:30:00";0.504;0
"1972-12-31 06:00:00";0.504;0
"1972-12-31 06:30:00";0.499;0
"1972-12-31 07:00:00";0.499;0
"1972-12-31 07:30:00";0.499;0
"1972-12-31 08:00:00";0.499;0
"1972-12-31 08:30:00";0.499;0
"1972-12-31 09:00:00";0.499;0
"1972-12-31 09:30:00";0.499;0
"1972-12-31 10:00:00";0.499;0.03
"1972-12-31 10:30:00";0.499;0.07
"1972-12-31 11:00:00";0.499;0
"1972-12-31 11:30:00";0.499;0.03
"1972-12-31 12:00:00";0.499;0
"1972-12-31 12:30:00";0.499;0.03
"1972-12-31 13:00:00";0.499;0
"1972-12-31 13:30:00";0.499;0
"1972-12-31 14:00:00";0.499;0
"1972-12-31 14:30:00";0.499;0
"1972-12-31 15:00:00";0.495;0
"1972-12-31 15:30:00";0.495;0
"1972-12-31 16:00:00";0.495;0
"1972-12-31 16:30:00";0.495;0
"1972-12-31 17:00:00";0.495;0
"1972-12-31 17:30:00";0.495;0
"1972-12-31 18:00:00";0.495;0
"1972-12-31 18:30:00";0.495;0
"1972-12-31 19:00:00";0.495;0
"1972-12-31 19:30:00";0.495;0
"1972-12-31 20:00:00";0.495;0
"1972-12-31 20:30:00";0.49;0
"1972-12-31 21:00:00";0.49;0
"1972-12-31 21:30:00";0.49;0
"1972-12-31 22:00:00";0.49;0
"1972-12-31 22:30:00";0.49;0
"1972-12-31 23:00:00";0.49;0
"1972-12-31 23:30:00";0.49;0
